Date,CSI300
2002-01-04,1316.455
2002-01-07,1302.084
2002-01-08,1292.714
2002-01-09,1272.645
2002-01-10,1281.261
2002-01-11,1249.814
2002-01-14,1205.146
2002-01-15,1186.433
2002-01-16,1201.877
2002-01-17,1152.148
2002-01-18,1149.483
2002-01-21,1108.61
2002-01-22,1109.994
2002-01-23,1183.154
2002-01-24,1189.583
2002-01-25,1189.428
2002-01-28,1112.835
2002-01-29,1140.377
2002-01-30,1145.855
2002-01-31,1221.76
2002-02-01,1215.743
2002-02-04,1236.969
2002-02-05,1246.842
2002-02-06,1216.788
2002-02-07,1241.023
2002-02-08,1235.092
2002-02-25,1254.611
2002-02-26,1253.121
2002-02-27,1255.997
2002-02-28,1244.603
2002-03-01,1227.229
2002-03-04,1245.867
2002-03-05,1275.614
2002-03-06,1288.444
2002-03-07,1328.388
2002-03-08,1351.854
2002-03-11,1377.037
2002-03-12,1362.404
2002-03-13,1343.138
2002-03-14,1376.329
2002-03-15,1338.702
2002-03-18,1341.907
2002-03-19,1368.378
2002-03-20,1382.417
2002-03-21,1385.79
2002-03-22,1369.901
2002-03-25,1373.012
2002-03-26,1350.009
2002-03-27,1354.098
2002-03-28,1352.533
2002-03-29,1313.466
2002-04-01,1317.579
2002-04-02,1296.574
2002-04-03,1302.248
2002-04-04,1337.728
2002-04-05,1332.201
2002-04-08,1333.705
2002-04-09,1357.742
2002-04-10,1366.716
2002-04-11,1344.734
2002-04-12,1350.689
2002-04-15,1344.581
2002-04-16,1341.502
2002-04-17,1341.766
2002-04-18,1326.546
2002-04-19,1330.642
2002-04-22,1324.867
2002-04-23,1318.661
2002-04-24,1309.727
2002-04-25,1312.483
2002-04-26,1331.714
2002-04-29,1349.785
2002-04-30,1353.607
2002-05-08,1342.292
2002-05-09,1344.783
2002-05-10,1335.451
2002-05-13,1319.814
2002-05-14,1311.68
2002-05-15,1300.119
2002-05-16,1261.522
2002-05-17,1277.235
2002-05-20,1258.829
2002-05-21,1298.878
2002-05-22,1280.16
2002-05-23,1284.836
2002-05-24,1265.966
2002-05-27,1270.336
2002-05-28,1270.382
2002-05-29,1246.019
2002-05-30,1245.886
2002-05-31,1238.577
2002-06-03,1213.388
2002-06-04,1219.523
2002-06-05,1196.623
2002-06-06,1245.613
2002-06-07,1252.514
2002-06-10,1243.743
2002-06-11,1252.851
2002-06-12,1246.843
2002-06-13,1235.572
2002-06-14,1222.119
2002-06-17,1224.654
2002-06-18,1248.837
2002-06-19,1236.049
2002-06-20,1245.081
2002-06-21,1288.522
2002-06-24,1409.505
2002-06-25,1409.226
2002-06-26,1417.307
2002-06-27,1422.512
2002-06-28,1431.175
2002-07-01,1415.33
2002-07-02,1425.814
2002-07-03,1427.39
2002-07-04,1412.617
2002-07-05,1415.403
2002-07-08,1423.696
2002-07-09,1419.471
2002-07-10,1392.901
2002-07-11,1390.929
2002-07-12,1389.45
2002-07-15,1379.38
2002-07-16,1382.412
2002-07-17,1393.022
2002-07-18,1397.411
2002-07-19,1403.253
2002-07-22,1380.282
2002-07-23,1375.613
2002-07-24,1372.892
2002-07-25,1364.996
2002-07-26,1361.409
2002-07-29,1368.797
2002-07-30,1371.909
2002-07-31,1358.16
2002-08-01,1355.303
2002-08-02,1359.993
2002-08-05,1353.479
2002-08-06,1368.994
2002-08-07,1366.795
2002-08-08,1359.677
2002-08-09,1350.311
2002-08-12,1340.216
2002-08-13,1342.357
2002-08-14,1351.507
2002-08-15,1340.968
2002-08-16,1349.622
2002-08-19,1347.16
2002-08-20,1370.046
2002-08-21,1370.957
2002-08-22,1381.549
2002-08-23,1379.419
2002-08-26,1366.181
2002-08-27,1369.76
2002-08-28,1368.397
2002-08-29,1362.67
2002-08-30,1361.298
2002-09-02,1362.152
2002-09-03,1366.71
2002-09-04,1358.78
2002-09-05,1341.468
2002-09-06,1334.343
2002-09-09,1323.132
2002-09-10,1324.21
2002-09-11,1319.034
2002-09-12,1322.232
2002-09-13,1321.809
2002-09-16,1302.617
2002-09-17,1304.376
2002-09-18,1295.561
2002-09-19,1319.817
2002-09-20,1305.747
2002-09-23,1304.924
2002-09-24,1299.185
2002-09-25,1299.523
2002-09-26,1291.378
2002-09-27,1285.652
2002-10-08,1272.939
2002-10-09,1247.533
2002-10-10,1241.552
2002-10-11,1237.14
2002-10-14,1243.744
2002-10-15,1238.967
2002-10-16,1247.72
2002-10-17,1228.263
2002-10-18,1233.668
2002-10-21,1237.362
2002-10-22,1254.739
2002-10-23,1255.635
2002-10-24,1244.559
2002-10-25,1233.578
2002-10-28,1219.425
2002-10-29,1226.775
2002-10-30,1225.94
2002-10-31,1225.338
2002-11-01,1227.849
2002-11-04,1246.804
2002-11-05,1265.73
2002-11-06,1260.054
2002-11-07,1259.87
2002-11-08,1232.945
2002-11-11,1218.356
2002-11-12,1200.92
2002-11-13,1206.419
2002-11-14,1183.635
2002-11-15,1186.923
2002-11-18,1174.825
2002-11-19,1182.636
2002-11-20,1154.898
2002-11-21,1125.38
2002-11-22,1128.072
2002-11-25,1133.17
2002-11-26,1111.053
2002-11-27,1118.964
2002-11-28,1150.585
2002-11-29,1164.618
2002-12-02,1132.929
2002-12-03,1144.629
2002-12-04,1147.535
2002-12-05,1139.751
2002-12-06,1139.803
2002-12-09,1136.246
2002-12-10,1122.907
2002-12-11,1117.437
2002-12-12,1122.229
2002-12-13,1132.079
2002-12-16,1141.523
2002-12-17,1148.599
2002-12-18,1143.941
2002-12-19,1145.069
2002-12-20,1157.337
2002-12-23,1159.43
2002-12-24,1159.06
2002-12-25,1151.16
2002-12-26,1119.359
2002-12-27,1120.276
2002-12-30,1108.94
2002-12-31,1103.641
2003-01-02,1074.984
2003-01-03,1073.524
2003-01-06,1084.884
2003-01-07,1081.622
2003-01-08,1111.832
2003-01-09,1132.17
2003-01-10,1121.576
2003-01-13,1124.33
2003-01-14,1185.865
2003-01-15,1177.971
2003-01-16,1196.386
2003-01-17,1190.895
2003-01-20,1194.722
2003-01-21,1172.131
2003-01-22,1174.567
2003-01-23,1167.635
2003-01-24,1187.694
2003-01-27,1203.319
2003-01-28,1206.859
2003-01-29,1207.597
2003-02-10,1190.459
2003-02-11,1201.294
2003-02-12,1214.804
2003-02-13,1208.841
2003-02-14,1213.699
2003-02-17,1204.697
2003-02-18,1204.936
2003-02-19,1216.578
2003-02-20,1215.151
2003-02-21,1191.628
2003-02-24,1192.994
2003-02-25,1214.853
2003-02-26,1214.396
2003-02-27,1215.457
2003-02-28,1213.862
2003-03-03,1223.408
2003-03-04,1222.38
2003-03-05,1217.888
2003-03-06,1202.44
2003-03-07,1198.744
2003-03-10,1178.153
2003-03-11,1177.802
2003-03-12,1182.417
2003-03-13,1175.157
2003-03-14,1177.61
2003-03-17,1179.234
2003-03-18,1173.789
2003-03-19,1180.228
2003-03-20,1175.861
2003-03-21,1185.422
2003-03-24,1187.641
2003-03-25,1176.095
2003-03-26,1171.199
2003-03-27,1201.371
2003-03-28,1199.264
2003-03-31,1215.168
2003-04-01,1223.559
2003-04-02,1222.971
2003-04-03,1215.34
2003-04-04,1223.558
2003-04-07,1217.924
2003-04-08,1221.567
2003-04-09,1243.057
2003-04-10,1255.237
2003-04-11,1274.998
2003-04-14,1306.513
2003-04-15,1317.288
2003-04-16,1304.1
2003-04-17,1307.715
2003-04-18,1300.411
2003-04-21,1274.61
2003-04-22,1274.685
2003-04-23,1254.131
2003-04-24,1218.685
2003-04-25,1205.381
2003-04-28,1250.681
2003-04-29,1231.565
2003-04-30,1239.952
2003-05-12,1251.309
2003-05-13,1216.426
2003-05-14,1243.103
2003-05-15,1273.37
2003-05-16,1274.258
2003-05-19,1275.861
2003-05-20,1261.327
2003-05-21,1259.015
2003-05-22,1270.432
2003-05-23,1283.668
2003-05-26,1292.69
2003-05-27,1293.681
2003-05-28,1277.692
2003-05-29,1294.772
2003-05-30,1300.865
2003-06-02,1300.486
2003-06-03,1285.652
2003-06-04,1296.444
2003-06-05,1279.539
2003-06-06,1262.064
2003-06-09,1249.165
2003-06-10,1255.928
2003-06-11,1278.265
2003-06-12,1273.513
2003-06-13,1277.323
2003-06-16,1273.558
2003-06-17,1268.924
2003-06-18,1266.721
2003-06-19,1253.681
2003-06-20,1244.656
2003-06-23,1231.938
2003-06-24,1235.123
2003-06-25,1226.643
2003-06-26,1238.48
2003-06-27,1220.736
2003-06-30,1214.547
2003-07-01,1215.199
2003-07-02,1227.952
2003-07-03,1231.166
2003-07-04,1229.975
2003-07-07,1232.076
2003-07-08,1239.848
2003-07-09,1231.798
2003-07-10,1257.815
2003-07-11,1255.934
2003-07-14,1251.089
2003-07-15,1254.364
2003-07-16,1259.896
2003-07-17,1269.398
2003-07-18,1241.574
2003-07-21,1232.145
2003-07-22,1235.299
2003-07-23,1239.445
2003-07-24,1231.023
2003-07-25,1218.666
2003-07-28,1213.148
2003-07-29,1219.762
2003-07-30,1221.757
2003-07-31,1222.737
2003-08-01,1226.239
2003-08-04,1240.07
2003-08-05,1239.046
2003-08-06,1232.936
2003-08-07,1232.974
2003-08-08,1218.112
2003-08-11,1222.201
2003-08-12,1225.855
2003-08-13,1210.561
2003-08-14,1203.244
2003-08-15,1201.323
2003-08-18,1197.986
2003-08-19,1201.664
2003-08-20,1195.681
2003-08-21,1194.629
2003-08-22,1191.432
2003-08-25,1177.297
2003-08-26,1179.329
2003-08-27,1178.401
2003-08-28,1169.38
2003-08-29,1178.574
2003-09-01,1199.814
2003-09-02,1197.298
2003-09-03,1198.441
2003-09-04,1196.501
2003-09-05,1183.913
2003-09-08,1177.829
2003-09-09,1172.051
2003-09-10,1176.036
2003-09-11,1176.927
2003-09-12,1164.18
2003-09-15,1152.357
2003-09-16,1159.716
2003-09-17,1147.304
2003-09-18,1148.082
2003-09-19,1149.287
2003-09-22,1141.139
2003-09-23,1147.289
2003-09-24,1150.492
2003-09-25,1136.692
2003-09-26,1131.295
2003-09-29,1116.547
2003-09-30,1127.144
2003-10-08,1131.27
2003-10-09,1128.767
2003-10-10,1155.42
2003-10-13,1151.778
2003-10-14,1142.3
2003-10-15,1139.015
2003-10-16,1124.371
2003-10-17,1128.099
2003-10-20,1120.359
2003-10-21,1124.543
2003-10-22,1152.83
2003-10-23,1143.713
2003-10-24,1140.034
2003-10-27,1130.456
2003-10-28,1130.705
2003-10-29,1123.223
2003-10-30,1110.799
2003-10-31,1111.617
2003-11-03,1123.48
2003-11-04,1145.168
2003-11-05,1138.913
2003-11-06,1118.919
2003-11-07,1103.777
2003-11-10,1108.027
2003-11-11,1108.89
2003-11-12,1089.306
2003-11-13,1091.708
2003-11-14,1100.016
2003-11-17,1095.945
2003-11-18,1080.997
2003-11-19,1098.051
2003-11-20,1129.132
2003-11-21,1115.469
2003-11-24,1147.589
2003-11-25,1151.543
2003-11-26,1155.265
2003-11-27,1136.018
2003-11-28,1142.975
2003-12-01,1168.507
2003-12-02,1168.402
2003-12-03,1172.469
2003-12-04,1178.653
2003-12-05,1176.661
2003-12-08,1164.427
2003-12-09,1169.277
2003-12-10,1184.676
2003-12-11,1184.634
2003-12-12,1183.107
2003-12-15,1184.674
2003-12-16,1178.35
2003-12-17,1169.412
2003-12-18,1173.397
2003-12-19,1163.64
2003-12-22,1195.437
2003-12-23,1201.081
2003-12-24,1212.333
2003-12-25,1209.06
2003-12-26,1208.523
2003-12-29,1199.254
2003-12-30,1207.098
2003-12-31,1194.744
2004-01-02,1204.613
2004-01-05,1240.467
2004-01-06,1251.135
2004-01-07,1266.268
2004-01-08,1284.338
2004-01-09,1266.406
2004-01-12,1294.684
2004-01-13,1293.184
2004-01-14,1277.961
2004-01-15,1273.616
2004-01-16,1284.296
2004-01-29,1311.947
2004-01-30,1281.334
2004-02-02,1307.267
2004-02-03,1320.996
2004-02-04,1348.864
2004-02-05,1353.851
2004-02-06,1347.221
2004-02-09,1368.841
2004-02-10,1363.062
2004-02-11,1354.749
2004-02-12,1345.658
2004-02-13,1342.335
2004-02-16,1373.3
2004-02-17,1380.365
2004-02-18,1391.355
2004-02-19,1385.978
2004-02-20,1391.095
2004-02-23,1359.239
2004-02-24,1356.314
2004-02-25,1329.442
2004-02-26,1335.863
2004-02-27,1351.61
2004-03-01,1366.914
2004-03-02,1363.194
2004-03-03,1341.215
2004-03-04,1349.848
2004-03-05,1341.758
2004-03-08,1317.296
2004-03-09,1314.167
2004-03-10,1344.989
2004-03-11,1357.843
2004-03-12,1358.514
2004-03-15,1389.676
2004-03-16,1395.365
2004-03-17,1398.017
2004-03-18,1372.163
2004-03-19,1393.571
2004-03-22,1399.55
2004-03-23,1389.52
2004-03-24,1385.374
2004-03-25,1385.862
2004-03-26,1386.477
2004-03-29,1371.7
2004-03-30,1372.049
2004-03-31,1384.954
2004-04-01,1396.632
2004-04-02,1405.918
2004-04-05,1401.97
2004-04-06,1410.428
2004-04-07,1408.774
2004-04-08,1402.771
2004-04-09,1370.276
2004-04-12,1364.681
2004-04-13,1353.83
2004-04-14,1332.075
2004-04-15,1318.852
2004-04-16,1331.082
2004-04-19,1312.002
2004-04-20,1301.086
2004-04-21,1289.654
2004-04-22,1296.435
2004-04-23,1276.307
2004-04-26,1276.949
2004-04-27,1264.344
2004-04-28,1258.112
2004-04-29,1233.6
2004-04-30,1239.72
2004-05-10,1206.586
2004-05-11,1212.575
2004-05-12,1240.016
2004-05-13,1234.578
2004-05-14,1207.261
2004-05-17,1195.189
2004-05-18,1209.609
2004-05-19,1209.579
2004-05-20,1201.713
2004-05-21,1209.213
2004-05-24,1200.789
2004-05-25,1177.712
2004-05-26,1183.013
2004-05-27,1208.682
2004-05-28,1201.721
2004-05-31,1206.841
2004-06-01,1224.105
2004-06-02,1211.932
2004-06-03,1193.554
2004-06-04,1192.776
2004-06-07,1176.263
2004-06-08,1160.331
2004-06-09,1137.546
2004-06-10,1139.51
2004-06-11,1140.528
2004-06-14,1115.406
2004-06-15,1134.898
2004-06-16,1141.093
2004-06-17,1116.504
2004-06-18,1103.403
2004-06-21,1109.391
2004-06-22,1119.882
2004-06-23,1110.319
2004-06-24,1099.903
2004-06-25,1081.958
2004-06-28,1069.506
2004-06-29,1084.617
2004-06-30,1078.485
2004-07-01,1112.389
2004-07-02,1114.945
2004-07-05,1116.416
2004-07-06,1121.284
2004-07-07,1110.624
2004-07-08,1113.027
2004-07-09,1106.915
2004-07-12,1083.178
2004-07-13,1086.815
2004-07-14,1088.779
2004-07-15,1104.007
2004-07-16,1132.799
2004-07-19,1134.501
2004-07-20,1125.876
2004-07-21,1125.662
2004-07-22,1097.859
2004-07-23,1101.599
2004-07-26,1087.268
2004-07-27,1083.398
2004-07-28,1089.52
2004-07-29,1104.167
2004-07-30,1088.677
2004-08-02,1080.55
2004-08-03,1073.583
2004-08-04,1103.551
2004-08-05,1088.814
2004-08-06,1088.241
2004-08-09,1093.479
2004-08-10,1098.586
2004-08-11,1086.077
2004-08-12,1074.817
2004-08-13,1077.245
2004-08-16,1067.596
2004-08-17,1072.51
2004-08-18,1071.827
2004-08-19,1059.198
2004-08-20,1060.229
2004-08-23,1047.212
2004-08-24,1059.42
2004-08-25,1055.526
2004-08-26,1050.995
2004-08-27,1039.238
2004-08-30,1038.344
2004-08-31,1055.97
2004-09-01,1040.055
2004-09-02,1045.369
2004-09-03,1043.537
2004-09-06,1039.668
2004-09-07,1041.485
2004-09-08,1031.606
2004-09-09,1012.556
2004-09-10,1015.151
2004-09-13,993.263
2004-09-14,1023.406
2004-09-15,1066.282
2004-09-16,1077.915
2004-09-17,1112.767
2004-09-20,1152.126
2004-09-21,1143.458
2004-09-22,1120.108
2004-09-23,1157.928
2004-09-24,1135.973
2004-09-27,1128.048
2004-09-28,1136.339
2004-09-29,1124.008
2004-09-30,1109.324
2004-10-08,1131.915
2004-10-11,1126.332
2004-10-12,1103.547
2004-10-13,1104.178
2004-10-14,1060.127
2004-10-15,1061.642
2004-10-18,1063.472
2004-10-19,1066.636
2004-10-20,1062.902
2004-10-21,1049.968
2004-10-22,1063.143
2004-10-25,1049.19
2004-10-26,1059.254
2004-10-27,1069.685
2004-10-28,1068.678
2004-10-29,1050.299
2004-11-01,1038.428
2004-11-02,1035.733
2004-11-03,1054.693
2004-11-04,1032.723
2004-11-05,1033.804
2004-11-08,1034.805
2004-11-09,1037.21
2004-11-10,1076.281
2004-11-11,1070.271
2004-11-12,1072.619
2004-11-15,1084.706
2004-11-16,1084.652
2004-11-17,1074.394
2004-11-18,1085.034
2004-11-19,1091.371
2004-11-22,1094.351
2004-11-23,1084.879
2004-11-24,1077.671
2004-11-25,1076.343
2004-11-26,1074.986
2004-11-29,1061.352
2004-11-30,1062.814
2004-12-01,1058.15
2004-12-02,1056.061
2004-12-03,1058.334
2004-12-06,1060.254
2004-12-07,1048.181
2004-12-08,1049.176
2004-12-09,1059.531
2004-12-10,1043.554
2004-12-13,1037.452
2004-12-14,1034.293
2004-12-15,1037.883
2004-12-16,1033.272
2004-12-17,1022.996
2004-12-20,1009.373
2004-12-21,1008.119
2004-12-22,1034.033
2004-12-23,1015.51
2004-12-24,1016.398
2004-12-27,1012.445
2004-12-28,1010.697
2004-12-29,1005.527
2004-12-30,1003.989
2004-12-31,1000.0
2005-01-04,982.794
2005-01-05,992.564
2005-01-06,983.174
2005-01-07,983.958
2005-01-10,993.879
2005-01-11,997.135
2005-01-12,996.748
2005-01-13,996.877
2005-01-14,988.306
2005-01-17,967.452
2005-01-18,974.689
2005-01-19,967.21
2005-01-20,956.245
2005-01-21,982.604
2005-01-24,998.133
2005-01-25,997.775
2005-01-26,989.928
2005-01-27,974.631
2005-01-28,969.209
2005-01-31,954.879
2005-02-01,955.951
2005-02-02,1006.913
2005-02-03,993.215
2005-02-04,1016.858
2005-02-16,1023.584
2005-02-17,1020.606
2005-02-18,1006.055
2005-02-21,1025.633
2005-02-22,1046.744
2005-02-23,1043.944
2005-02-24,1045.46
2005-02-25,1046.761
2005-02-28,1039.989
2005-03-01,1035.934
2005-03-02,1021.32
2005-03-03,1027.71
2005-03-04,1023.667
2005-03-07,1029.871
2005-03-08,1048.987
2005-03-09,1046.544
2005-03-10,1022.413
2005-03-11,1027.429
2005-03-14,1031.026
2005-03-15,1013.523
2005-03-16,1003.065
2005-03-17,992.863
2005-03-18,978.665
2005-03-21,981.893
2005-03-22,964.024
2005-03-23,959.01
2005-03-24,964.801
2005-03-25,962.955
2005-03-28,960.696
2005-03-29,955.19
2005-03-30,937.034
2005-03-31,942.203
2005-04-01,978.145
2005-04-04,962.168
2005-04-05,955.598
2005-04-06,973.668
2005-04-07,984.733
2005-04-08,1003.445
2005-04-11,995.421
2005-04-12,978.697
2005-04-13,1000.9
2005-04-14,986.975
2005-04-15,974.082
2005-04-18,963.772
2005-04-19,965.886
2005-04-20,950.867
2005-04-21,943.981
2005-04-22,939.101
2005-04-25,930.07
2005-04-26,937.083
2005-04-27,926.604
2005-04-28,942.073
2005-04-29,932.395
2005-05-09,909.174
2005-05-10,913.076
2005-05-11,901.851
2005-05-12,885.82
2005-05-13,887.543
2005-05-16,875.271
2005-05-17,881.462
2005-05-18,883.196
2005-05-19,884.171
2005-05-20,882.763
2005-05-23,863.341
2005-05-24,868.456
2005-05-25,868.451
2005-05-26,857.331
2005-05-27,849.508
2005-05-30,855.612
2005-05-31,855.946
2005-06-01,837.532
2005-06-02,818.379
2005-06-03,818.033
2005-06-06,838.997
2005-06-07,837.282
2005-06-08,905.773
2005-06-09,912.604
2005-06-10,894.556
2005-06-13,892.959
2005-06-14,883.537
2005-06-15,866.834
2005-06-16,879.237
2005-06-17,880.345
2005-06-20,906.255
2005-06-21,896.166
2005-06-22,900.646
2005-06-23,893.572
2005-06-24,898.301
2005-06-27,916.043
2005-06-28,903.716
2005-06-29,898.898
2005-06-30,878.686
2005-07-01,859.494
2005-07-04,855.932
2005-07-05,849.679
2005-07-06,842.556
2005-07-07,844.729
2005-07-08,829.489
2005-07-11,824.097
2005-07-12,851.816
2005-07-13,846.231
2005-07-14,849.59
2005-07-15,841.001
2005-07-18,832.995
2005-07-19,835.608
2005-07-20,842.641
2005-07-21,843.987
2005-07-22,859.693
2005-07-25,856.86
2005-07-26,876.48
2005-07-27,894.012
2005-07-28,890.885
2005-07-29,888.164
2005-08-01,891.607
2005-08-02,903.598
2005-08-03,909.57
2005-08-04,904.15
2005-08-05,923.803
2005-08-08,927.471
2005-08-09,933.089
2005-08-10,940.37
2005-08-11,953.992
2005-08-12,938.316
2005-08-15,954.502
2005-08-16,945.058
2005-08-17,953.012
2005-08-18,920.671
2005-08-19,923.038
2005-08-22,931.673
2005-08-23,923.414
2005-08-24,930.651
2005-08-25,930.118
2005-08-26,928.258
2005-08-29,917.371
2005-08-30,914.88
2005-08-31,927.916
2005-09-01,944.559
2005-09-02,947.871
2005-09-05,952.717
2005-09-06,936.61
2005-09-07,952.758
2005-09-08,955.282
2005-09-09,949.065
2005-09-12,949.506
2005-09-13,963.774
2005-09-14,970.193
2005-09-15,969.598
2005-09-16,967.495
2005-09-19,971.136
2005-09-20,961.919
2005-09-21,944.408
2005-09-22,923.274
2005-09-23,916.154
2005-09-26,918.485
2005-09-27,904.214
2005-09-28,903.719
2005-09-29,915.975
2005-09-30,917.392
2005-10-10,907.321
2005-10-11,919.72
2005-10-12,923.485
2005-10-13,916.499
2005-10-14,904.828
2005-10-17,897.623
2005-10-18,902.366
2005-10-19,898.744
2005-10-20,899.915
2005-10-21,904.414
2005-10-24,906.652
2005-10-25,894.272
2005-10-26,875.82
2005-10-27,875.849
2005-10-28,867.729
2005-10-31,876.282
2005-11-01,872.865
2005-11-02,882.478
2005-11-03,874.575
2005-11-04,878.361
2005-11-07,877.278
2005-11-08,881.524
2005-11-09,879.252
2005-11-10,862.968
2005-11-11,864.79
2005-11-14,862.149
2005-11-15,856.635
2005-11-16,863.119
2005-11-17,862.658
2005-11-18,882.241
2005-11-21,883.871
2005-11-22,869.617
2005-11-23,876.229
2005-11-24,881.493
2005-11-25,884.105
2005-11-28,880.167
2005-11-29,871.31
2005-11-30,873.825
2005-12-01,873.067
2005-12-02,869.936
2005-12-05,859.61
2005-12-06,866.075
2005-12-07,873.838
2005-12-08,874.056
2005-12-09,887.358
2005-12-12,888.518
2005-12-13,889.101
2005-12-14,898.153
2005-12-15,896.434
2005-12-16,902.561
2005-12-19,902.91
2005-12-20,907.318
2005-12-21,903.144
2005-12-22,908.754
2005-12-23,915.89
2005-12-26,922.378
2005-12-27,919.36
2005-12-28,920.919
2005-12-29,932.031
2005-12-30,923.451
2006-01-04,941.428
2006-01-05,959.134
2006-01-06,970.032
2006-01-09,975.253
2006-01-10,978.154
2006-01-11,973.477
2006-01-12,983.716
2006-01-13,978.809
2006-01-16,961.439
2006-01-17,964.29
2006-01-18,983.622
2006-01-19,991.222
2006-01-20,993.34
2006-01-23,996.162
2006-01-24,999.093
2006-01-25,1009.597
2006-02-06,1033.234
2006-02-07,1029.937
2006-02-08,1033.072
2006-02-09,1019.599
2006-02-10,1032.337
2006-02-13,1031.614
2006-02-14,1038.531
2006-02-15,1041.66
2006-02-16,1020.121
2006-02-17,1020.368
2006-02-20,1021.639
2006-02-21,1038.816
2006-02-22,1037.885
2006-02-23,1041.373
2006-02-24,1049.444
2006-02-27,1047.845
2006-02-28,1053.01
2006-03-01,1056.619
2006-03-02,1038.666
2006-03-03,1041.677
2006-03-06,1038.873
2006-03-07,1014.973
2006-03-08,1009.271
2006-03-09,1004.344
2006-03-10,1008.897
2006-03-13,1019.864
2006-03-14,1018.272
2006-03-15,1028.958
2006-03-16,1027.616
2006-03-17,1024.015
2006-03-20,1037.659
2006-03-21,1040.757
2006-03-22,1047.666
2006-03-23,1048.537
2006-03-24,1042.601
2006-03-27,1050.707
2006-03-28,1055.982
2006-03-29,1065.294
2006-03-30,1055.634
2006-03-31,1061.088
2006-04-03,1079.322
2006-04-04,1089.371
2006-04-05,1099.97
2006-04-06,1103.237
2006-04-07,1103.154
2006-04-10,1117.91
2006-04-11,1123.308
2006-04-12,1117.073
2006-04-13,1093.925
2006-04-14,1118.607
2006-04-17,1124.414
2006-04-18,1131.281
2006-04-19,1138.241
2006-04-20,1134.381
2006-04-21,1149.158
2006-04-24,1142.698
2006-04-25,1141.93
2006-04-26,1155.726
2006-04-27,1155.268
2006-04-28,1172.347
2006-05-08,1218.445
2006-05-09,1251.611
2006-05-10,1265.933
2006-05-11,1255.035
2006-05-12,1296.257
2006-05-15,1352.155
2006-05-16,1331.127
2006-05-17,1335.523
2006-05-18,1331.201
2006-05-19,1366.097
2006-05-22,1373.674
2006-05-23,1317.654
2006-05-24,1308.242
2006-05-25,1307.697
2006-05-26,1331.02
2006-05-29,1366.292
2006-05-30,1378.756
2006-05-31,1365.451
2006-06-01,1402.879
2006-06-02,1390.116
2006-06-05,1403.163
2006-06-06,1399.142
2006-06-07,1320.233
2006-06-08,1325.979
2006-06-09,1294.185
2006-06-12,1297.67
2006-06-13,1298.276
2006-06-14,1283.88
2006-06-15,1285.385
2006-06-16,1318.01
2006-06-19,1334.893
2006-06-20,1338.223
2006-06-21,1333.532
2006-06-22,1331.553
2006-06-23,1339.446
2006-06-26,1363.413
2006-06-27,1363.896
2006-06-28,1362.885
2006-06-29,1395.124
2006-06-30,1393.963
2006-07-03,1420.328
2006-07-04,1411.013
2006-07-05,1393.009
2006-07-06,1418.675
2006-07-07,1410.429
2006-07-10,1412.124
2006-07-11,1418.575
2006-07-12,1419.199
2006-07-13,1346.088
2006-07-14,1357.129
2006-07-17,1372.254
2006-07-18,1373.416
2006-07-19,1336.644
2006-07-20,1345.194
2006-07-21,1356.033
2006-07-24,1358.122
2006-07-25,1374.17
2006-07-26,1371.295
2006-07-27,1355.545
2006-07-28,1341.393
2006-07-31,1294.328
2006-08-01,1282.057
2006-08-02,1275.088
2006-08-03,1271.744
2006-08-04,1241.908
2006-08-07,1224.102
2006-08-08,1252.386
2006-08-09,1251.298
2006-08-10,1271.473
2006-08-11,1275.654
2006-08-14,1245.721
2006-08-15,1265.863
2006-08-16,1283.567
2006-08-17,1271.627
2006-08-18,1267.866
2006-08-21,1270.562
2006-08-22,1285.268
2006-08-23,1285.68
2006-08-24,1292.401
2006-08-25,1295.437
2006-08-28,1325.894
2006-08-29,1330.155
2006-08-30,1334.671
2006-08-31,1338.694
2006-09-01,1318.099
2006-09-04,1337.243
2006-09-05,1340.682
2006-09-06,1346.367
2006-09-07,1328.377
2006-09-08,1332.153
2006-09-11,1338.755
2006-09-12,1347.639
2006-09-13,1338.386
2006-09-14,1338.278
2006-09-15,1362.322
2006-09-18,1375.563
2006-09-19,1378.309
2006-09-20,1378.459
2006-09-21,1387.37
2006-09-22,1374.852
2006-09-25,1372.399
2006-09-26,1357.646
2006-09-27,1371.117
2006-09-28,1387.002
2006-09-29,1403.265
2006-10-09,1436.074
2006-10-10,1437.245
2006-10-11,1435.906
2006-10-12,1426.5
2006-10-13,1430.882
2006-10-16,1418.517
2006-10-17,1414.448
2006-10-18,1437.593
2006-10-19,1439.377
2006-10-20,1440.182
2006-10-23,1408.715
2006-10-24,1440.054
2006-10-25,1446.825
2006-10-26,1456.095
2006-10-27,1439.05
2006-10-30,1446.239
2006-10-31,1464.473
2006-11-01,1479.409
2006-11-02,1479.656
2006-11-03,1488.291
2006-11-06,1507.891
2006-11-07,1516.104
2006-11-08,1498.173
2006-11-09,1524.714
2006-11-10,1504.062
2006-11-13,1475.779
2006-11-14,1493.776
2006-11-15,1534.762
2006-11-16,1533.288
2006-11-17,1562.084
2006-11-20,1593.158
2006-11-21,1612.249
2006-11-22,1624.028
2006-11-23,1634.914
2006-11-24,1636.58
2006-11-27,1651.801
2006-11-28,1644.014
2006-11-29,1667.142
2006-11-30,1714.358
2006-12-01,1729.224
2006-12-04,1780.736
2006-12-05,1794.231
2006-12-06,1779.411
2006-12-07,1775.714
2006-12-08,1711.584
2006-12-11,1789.924
2006-12-12,1802.788
2006-12-13,1803.856
2006-12-14,1836.143
2006-12-15,1867.636
2006-12-18,1916.108
2006-12-19,1921.444
2006-12-20,1936.547
2006-12-21,1908.985
2006-12-22,1895.644
2006-12-25,1939.104
2006-12-26,1938.238
2006-12-27,1982.877
2006-12-28,1979.933
2006-12-29,2041.047
2007-01-04,2067.092
2007-01-05,2072.883
2007-01-08,2131.556
2007-01-09,2200.086
2007-01-10,2255.966
2007-01-11,2231.629
2007-01-12,2173.747
2007-01-15,2287.342
2007-01-16,2353.874
2007-01-17,2308.931
2007-01-18,2317.095
2007-01-19,2396.093
2007-01-22,2491.313
2007-01-23,2508.13
2007-01-24,2536.428
2007-01-25,2452.831
2007-01-26,2512.922
2007-01-29,2576.917
2007-01-30,2551.884
2007-01-31,2385.335
2007-02-01,2395.172
2007-02-02,2298.003
2007-02-05,2271.797
2007-02-06,2316.04
2007-02-07,2369.787
2007-02-08,2410.601
2007-02-09,2397.245
2007-02-12,2485.392
2007-02-13,2522.63
2007-02-14,2588.349
2007-02-15,2668.633
2007-02-16,2676.735
2007-02-26,2707.676
2007-02-27,2457.492
2007-02-28,2544.571
2007-03-01,2473.544
2007-03-02,2508.729
2007-03-05,2475.606
2007-03-06,2520.293
2007-03-07,2589.436
2007-03-08,2627.63
2007-03-09,2611.393
2007-03-12,2616.172
2007-03-13,2640.169
2007-03-14,2597.357
2007-03-15,2645.546
2007-03-16,2604.226
2007-03-19,2659.413
2007-03-20,2672.771
2007-03-21,2702.597
2007-03-22,2711.322
2007-03-23,2716.266
2007-03-26,2764.034
2007-03-27,2784.023
2007-03-28,2797.649
2007-03-29,2783.305
2007-03-30,2781.784
2007-04-02,2850.107
2007-04-03,2888.115
2007-04-04,2911.821
2007-04-05,2945.045
2007-04-06,2972.008
2007-04-09,3038.172
2007-04-10,3081.568
2007-04-11,3121.319
2007-04-12,3176.437
2007-04-13,3169.233
2007-04-16,3255.998
2007-04-17,3283.604
2007-04-18,3304.501
2007-04-19,3150.303
2007-04-20,3289.282
2007-04-23,3431.318
2007-04-24,3445.196
2007-04-25,3448.281
2007-04-26,3493.581
2007-04-27,3470.523
2007-04-30,3558.709
2007-05-08,3686.03
2007-05-09,3701.277
2007-05-10,3724.51
2007-05-11,3702.612
2007-05-14,3734.42
2007-05-15,3604.636
2007-05-16,3700.287
2007-05-17,3778.605
2007-05-18,3776.629
2007-05-21,3831.443
2007-05-22,3870.489
2007-05-23,3938.945
2007-05-24,3919.748
2007-05-25,3985.252
2007-05-28,4072.578
2007-05-29,4168.289
2007-05-30,3886.459
2007-05-31,3927.952
2007-06-01,3803.954
2007-06-04,3511.431
2007-06-05,3634.633
2007-06-06,3677.58
2007-06-07,3802.304
2007-06-08,3837.867
2007-06-11,3931.862
2007-06-12,4036.109
2007-06-13,4118.268
2007-06-14,4075.821
2007-06-15,4099.381
2007-06-18,4227.569
2007-06-19,4253.0
2007-06-20,4157.599
2007-06-21,4197.28
2007-06-22,4051.426
2007-06-25,3877.59
2007-06-26,3928.213
2007-06-27,4040.484
2007-06-28,3858.522
2007-06-29,3764.078
2007-07-02,3757.655
2007-07-03,3832.227
2007-07-04,3743.582
2007-07-05,3537.435
2007-07-06,3710.283
2007-07-09,3821.302
2007-07-10,3775.621
2007-07-11,3789.874
2007-07-12,3816.921
2007-07-13,3820.124
2007-07-16,3697.966
2007-07-17,3789.651
2007-07-18,3807.574
2007-07-19,3806.997
2007-07-20,3971.884
2007-07-23,4156.723
2007-07-24,4161.352
2007-07-25,4255.463
2007-07-26,4303.185
2007-07-27,4307.143
2007-07-30,4410.297
2007-07-31,4460.564
2007-08-01,4290.477
2007-08-02,4436.192
2007-08-03,4598.379
2007-08-06,4703.984
2007-08-07,4724.547
2007-08-08,4668.087
2007-08-09,4777.286
2007-08-10,4726.683
2007-08-13,4721.192
2007-08-14,4795.568
2007-08-15,4798.75
2007-08-16,4721.942
2007-08-17,4626.583
2007-08-20,4885.427
2007-08-21,4972.711
2007-08-22,5051.688
2007-08-23,5135.93
2007-08-24,5217.581
2007-08-27,5243.147
2007-08-28,5251.77
2007-08-29,5171.822
2007-08-30,5241.228
2007-08-31,5296.813
2007-09-03,5419.169
2007-09-04,5360.333
2007-09-05,5363.251
2007-09-06,5412.037
2007-09-07,5294.795
2007-09-10,5377.222
2007-09-11,5124.092
2007-09-12,5202.856
2007-09-13,5349.97
2007-09-14,5397.278
2007-09-17,5498.908
2007-09-18,5476.839
2007-09-19,5419.268
2007-09-20,5494.915
2007-09-21,5468.098
2007-09-24,5513.895
2007-09-25,5454.615
2007-09-26,5361.021
2007-09-27,5427.657
2007-09-28,5580.813
2007-10-08,5653.136
2007-10-09,5675.927
2007-10-10,5685.759
2007-10-11,5760.078
2007-10-12,5737.221
2007-10-15,5821.447
2007-10-16,5877.202
2007-10-17,5824.117
2007-10-18,5615.747
2007-10-19,5614.06
2007-10-22,5472.677
2007-10-23,5540.09
2007-10-24,5588.014
2007-10-25,5333.792
2007-10-26,5394.807
2007-10-29,5508.357
2007-10-30,5596.068
2007-10-31,5688.543
2007-11-01,5605.232
2007-11-02,5472.93
2007-11-05,5360.305
2007-11-06,5317.549
2007-11-07,5350.629
2007-11-08,5093.669
2007-11-09,5040.525
2007-11-12,4978.252
2007-11-13,4939.244
2007-11-14,5145.888
2007-11-15,5081.113
2007-11-16,5007.662
2007-11-19,4994.416
2007-11-20,5069.382
2007-11-21,4997.62
2007-11-22,4772.617
2007-11-23,4856.161
2007-11-26,4800.082
2007-11-27,4711.152
2007-11-28,4648.751
2007-11-29,4842.07
2007-11-30,4737.408
2007-12-03,4772.674
2007-12-04,4829.214
2007-12-05,4965.947
2007-12-06,4971.055
2007-12-07,5041.35
2007-12-10,5133.562
2007-12-11,5140.0
2007-12-12,5077.39
2007-12-13,4884.298
2007-12-14,4977.652
2007-12-17,4857.289
2007-12-18,4829.909
2007-12-19,4946.285
2007-12-20,5037.195
2007-12-21,5101.852
2007-12-24,5207.134
2007-12-25,5216.813
2007-12-26,5265.026
2007-12-27,5367.53
2007-12-28,5338.275
2008-01-02,5385.103
2008-01-03,5422.034
2008-01-04,5483.65
2008-01-07,5556.593
2008-01-08,5528.054
2008-01-09,5613.758
2008-01-10,5672.154
2008-01-11,5699.147
2008-01-14,5731.757
2008-01-15,5696.45
2008-01-16,5505.717
2008-01-17,5365.624
2008-01-18,5414.468
2008-01-21,5145.734
2008-01-22,4753.868
2008-01-23,4975.111
2008-01-24,5027.213
2008-01-25,5077.429
2008-01-28,4731.883
2008-01-29,4762.083
2008-01-30,4710.652
2008-01-31,4620.401
2008-02-01,4571.945
2008-02-04,4950.124
2008-02-05,4921.829
2008-02-13,4816.084
2008-02-14,4880.252
2008-02-15,4813.311
2008-02-18,4910.992
2008-02-19,5020.753
2008-02-20,4908.717
2008-02-21,4876.03
2008-02-22,4702.241
2008-02-25,4519.783
2008-02-26,4515.533
2008-02-27,4639.768
2008-02-28,4622.056
2008-02-29,4674.55
2008-03-03,4790.744
2008-03-04,4671.148
2008-03-05,4628.724
2008-03-06,4685.03
2008-03-07,4621.685
2008-03-10,4431.589
2008-03-11,4441.184
2008-03-12,4309.648
2008-03-13,4198.96
2008-03-14,4157.871
2008-03-17,3965.279
2008-03-18,3763.948
2008-03-19,3888.861
2008-03-20,4001.832
2008-03-21,4037.83
2008-03-24,3857.091
2008-03-25,3905.774
2008-03-26,3914.37
2008-03-27,3748.92
2008-03-28,3918.156
2008-03-31,3790.53
2008-04-01,3582.855
2008-04-02,3547.977
2008-04-03,3650.698
2008-04-07,3845.822
2008-04-08,3891.059
2008-04-09,3688.125
2008-04-10,3754.715
2008-04-11,3783.728
2008-04-14,3536.327
2008-04-15,3583.299
2008-04-16,3494.016
2008-04-17,3386.63
2008-04-18,3272.499
2008-04-21,3267.554
2008-04-22,3296.277
2008-04-23,3453.727
2008-04-24,3774.504
2008-04-25,3803.07
2008-04-28,3729.154
2008-04-29,3776.943
2008-04-30,3959.119
2008-05-05,4055.779
2008-05-06,4010.888
2008-05-07,3821.319
2008-05-08,3925.041
2008-05-09,3878.924
2008-05-12,3904.92
2008-05-13,3851.687
2008-05-14,3975.782
2008-05-15,3948.088
2008-05-16,3936.121
2008-05-19,3914.072
2008-05-20,3710.818
2008-05-21,3783.049
2008-05-22,3711.444
2008-05-23,3675.147
2008-05-26,3559.217
2008-05-27,3576.197
2008-05-28,3676.23
2008-05-29,3580.868
2008-05-30,3611.33
2008-06-02,3625.826
2008-06-03,3614.111
2008-06-04,3546.916
2008-06-05,3512.138
2008-06-06,3489.502
2008-06-10,3206.562
2008-06-11,3140.299
2008-06-12,3084.633
2008-06-13,2979.117
2008-06-16,2952.242
2008-06-17,2842.676
2008-06-18,2991.273
2008-06-19,2773.076
2008-06-20,2849.668
2008-06-23,2789.941
2008-06-24,2851.915
2008-06-25,2969.537
2008-06-26,2980.907
2008-06-27,2816.021
2008-06-30,2791.819
2008-07-01,2698.347
2008-07-02,2699.597
2008-07-03,2760.612
2008-07-04,2741.852
2008-07-07,2882.763
2008-07-08,2901.841
2008-07-09,3015.126
2008-07-10,2973.728
2008-07-11,2953.498
2008-07-14,2975.874
2008-07-15,2852.979
2008-07-16,2745.596
2008-07-17,2718.068
2008-07-18,2815.462
2008-07-21,2911.051
2008-07-22,2904.743
2008-07-23,2883.32
2008-07-24,2977.362
2008-07-25,2939.202
2008-07-28,2960.851
2008-07-29,2905.63
2008-07-30,2884.384
2008-07-31,2805.21
2008-08-01,2840.788
2008-08-04,2773.15
2008-08-05,2703.079
2008-08-06,2721.693
2008-08-07,2720.442
2008-08-08,2591.462
2008-08-11,2456.811
2008-08-12,2444.155
2008-08-13,2444.672
2008-08-14,2443.512
2008-08-15,2447.615
2008-08-18,2313.402
2008-08-19,2348.472
2008-08-20,2532.94
2008-08-21,2443.979
2008-08-22,2404.928
2008-08-25,2400.548
2008-08-26,2331.532
2008-08-27,2325.292
2008-08-28,2335.865
2008-08-29,2391.64
2008-09-01,2309.171
2008-09-02,2285.411
2008-09-03,2245.964
2008-09-04,2251.146
2008-09-05,2183.432
2008-09-08,2126.518
2008-09-09,2139.145
2008-09-10,2143.176
2008-09-11,2072.126
2008-09-12,2077.846
2008-09-16,2000.651
2008-09-17,1929.135
2008-09-18,1895.99
2008-09-19,2073.113
2008-09-22,2207.614
2008-09-23,2123.478
2008-09-24,2138.853
2008-09-25,2223.532
2008-09-26,2243.657
2008-10-06,2128.696
2008-10-07,2102.448
2008-10-08,2022.881
2008-10-09,1995.297
2008-10-10,1906.96
2008-10-13,1985.486
2008-10-14,1934.619
2008-10-15,1914.356
2008-10-16,1820.903
2008-10-17,1833.262
2008-10-20,1896.733
2008-10-21,1881.406
2008-10-22,1833.323
2008-10-23,1834.78
2008-10-24,1781.598
2008-10-27,1654.671
2008-10-28,1705.82
2008-10-29,1658.223
2008-10-30,1697.656
2008-10-31,1663.66
2008-11-03,1653.542
2008-11-04,1627.759
2008-11-05,1691.42
2008-11-06,1649.776
2008-11-07,1677.827
2008-11-10,1801.665
2008-11-11,1781.361
2008-11-12,1801.823
2008-11-13,1874.082
2008-11-14,1943.654
2008-11-17,1987.225
2008-11-18,1839.819
2008-11-19,1953.163
2008-11-20,1932.428
2008-11-21,1920.735
2008-11-24,1837.642
2008-11-25,1834.294
2008-11-26,1843.495
2008-11-27,1870.473
2008-11-28,1829.924
2008-12-01,1864.205
2008-12-02,1868.631
2008-12-03,1952.668
2008-12-04,1982.928
2008-12-05,2013.175
2008-12-08,2095.036
2008-12-09,2040.847
2008-12-10,2096.393
2008-12-11,2046.337
2008-12-12,1960.38
2008-12-15,1975.034
2008-12-16,1994.45
2008-12-17,2001.42
2008-12-18,2045.102
2008-12-19,2052.114
2008-12-22,2017.549
2008-12-23,1918.955
2008-12-24,1887.075
2008-12-25,1870.765
2008-12-26,1862.096
2008-12-29,1854.757
2008-12-30,1833.435
2008-12-31,1817.722
2009-01-05,1882.959
2009-01-06,1942.795
2009-01-07,1931.178
2009-01-08,1887.991
2009-01-09,1918.365
2009-01-12,1920.687
2009-01-13,1876.185
2009-01-14,1955.244
2009-01-15,1954.874
2009-01-16,1990.214
2009-01-19,2012.465
2009-01-20,2025.19
2009-01-21,2021.71
2009-01-22,2044.551
2009-01-23,2032.682
2009-02-02,2057.063
2009-02-03,2108.91
2009-02-04,2166.414
2009-02-05,2150.971
2009-02-06,2237.28
2009-02-09,2296.672
2009-02-10,2326.755
2009-02-11,2331.138
2009-02-12,2318.343
2009-02-13,2399.065
2009-02-16,2462.245
2009-02-17,2385.293
2009-02-18,2275.843
2009-02-19,2298.412
2009-02-20,2344.32
2009-02-23,2410.481
2009-02-24,2301.849
2009-02-25,2304.251
2009-02-26,2190.185
2009-02-27,2140.489
2009-03-02,2164.666
2009-03-03,2142.154
2009-03-04,2285.149
2009-03-05,2304.919
2009-03-06,2286.576
2009-03-09,2202.527
2009-03-10,2240.782
2009-03-11,2220.38
2009-03-12,2215.7
2009-03-13,2205.422
2009-03-16,2241.614
2009-03-17,2322.403
2009-03-18,2332.652
2009-03-19,2382.564
2009-03-20,2379.838
2009-03-23,2439.395
2009-03-24,2451.783
2009-03-25,2401.327
2009-03-26,2479.789
2009-03-27,2498.931
2009-03-30,2484.487
2009-03-31,2507.789
2009-04-01,2548.222
2009-04-02,2576.4
2009-04-03,2570.503
2009-04-07,2576.95
2009-04-08,2479.348
2009-04-09,2517.669
2009-04-10,2595.53
2009-04-13,2656.518
2009-04-14,2676.872
2009-04-15,2686.99
2009-04-16,2687.106
2009-04-17,2650.691
2009-04-20,2707.667
2009-04-21,2675.442
2009-04-22,2576.281
2009-04-23,2593.564
2009-04-24,2572.888
2009-04-27,2513.292
2009-04-28,2518.531
2009-04-29,2605.37
2009-04-30,2622.926
2009-05-04,2714.301
2009-05-05,2727.014
2009-05-06,2764.979
2009-05-07,2767.076
2009-05-08,2789.219
2009-05-11,2725.316
2009-05-12,2788.562
2009-05-13,2814.005
2009-05-14,2792.597
2009-05-15,2796.116
2009-05-18,2810.573
2009-05-19,2840.084
2009-05-20,2812.865
2009-05-21,2750.01
2009-05-22,2740.677
2009-05-25,2752.716
2009-05-26,2719.764
2009-05-27,2759.712
2009-06-01,2858.342
2009-06-02,2865.099
2009-06-03,2939.387
2009-06-04,2953.751
2009-06-05,2939.306
2009-06-08,2948.478
2009-06-09,2960.556
2009-06-10,2989.595
2009-06-11,2961.629
2009-06-12,2906.286
2009-06-15,2966.192
2009-06-16,2961.22
2009-06-17,3010.588
2009-06-18,3057.428
2009-06-19,3080.001
2009-06-22,3082.563
2009-06-23,3083.895
2009-06-24,3120.73
2009-06-25,3117.921
2009-06-26,3128.421
2009-06-29,3179.972
2009-06-30,3166.474
2009-07-01,3237.903
2009-07-02,3282.359
2009-07-03,3327.135
2009-07-06,3374.753
2009-07-07,3340.493
2009-07-08,3352.269
2009-07-09,3396.304
2009-07-10,3398.31
2009-07-13,3361.011
2009-07-14,3454.753
2009-07-15,3493.305
2009-07-16,3501.24
2009-07-17,3519.809
2009-07-20,3591.123
2009-07-21,3539.832
2009-07-22,3606.924
2009-07-23,3651.969
2009-07-24,3667.556
2009-07-27,3743.626
2009-07-28,3755.818
2009-07-29,3558.508
2009-07-30,3634.818
2009-07-31,3734.622
2009-08-03,3787.033
2009-08-04,3786.615
2009-08-05,3740.936
2009-08-06,3663.12
2009-08-07,3555.095
2009-08-10,3544.539
2009-08-11,3556.375
2009-08-12,3397.4
2009-08-13,3440.82
2009-08-14,3344.462
2009-08-17,3140.271
2009-08-18,3171.986
2009-08-19,3014.568
2009-08-20,3144.39
2009-08-21,3203.624
2009-08-24,3229.6
2009-08-25,3109.83
2009-08-26,3172.386
2009-08-27,3156.301
2009-08-28,3046.781
2009-08-31,2830.271
2009-09-01,2843.7
2009-09-02,2890.926
2009-09-03,3051.964
2009-09-04,3077.142
2009-09-07,3104.208
2009-09-08,3170.967
2009-09-09,3194.909
2009-09-10,3162.914
2009-09-11,3238.133
2009-09-14,3293.394
2009-09-15,3302.642
2009-09-16,3258.236
2009-09-17,3320.096
2009-09-18,3199.689
2009-09-21,3208.604
2009-09-22,3131.026
2009-09-23,3060.069
2009-09-24,3080.926
2009-09-25,3058.528
2009-09-28,2972.643
2009-09-29,2972.286
2009-09-30,3004.805
2009-10-09,3163.708
2009-10-12,3151.632
2009-10-13,3198.517
2009-10-14,3227.399
2009-10-15,3239.643
2009-10-16,3241.709
2009-10-19,3329.158
2009-10-20,3377.574
2009-10-21,3369.285
2009-10-22,3347.32
2009-10-23,3413.252
2009-10-26,3414.239
2009-10-27,3314.722
2009-10-28,3329.327
2009-10-29,3247.051
2009-10-30,3280.372
2009-11-02,3392.803
2009-11-03,3435.425
2009-11-04,3453.888
2009-11-05,3464.318
2009-11-06,3483.021
2009-11-09,3495.788
2009-11-10,3503.776
2009-11-11,3495.674
2009-11-12,3499.992
2009-11-13,3518.722
2009-11-16,3625.798
2009-11-17,3628.354
2009-11-18,3630.229
2009-11-19,3642.437
2009-11-20,3631.013
2009-11-23,3665.509
2009-11-24,3548.08
2009-11-25,3629.629
2009-11-26,3485.773
2009-11-27,3382.51
2009-11-30,3511.669
2009-12-01,3560.831
2009-12-02,3597.329
2009-12-03,3590.876
2009-12-04,3643.491
2009-12-07,3668.832
2009-12-08,3624.019
2009-12-09,3554.478
2009-12-10,3577.237
2009-12-11,3575.02
2009-12-14,3612.753
2009-12-15,3583.341
2009-12-16,3560.723
2009-12-17,3480.153
2009-12-18,3391.735
2009-12-21,3396.622
2009-12-22,3305.543
2009-12-23,3336.48
2009-12-24,3438.817
2009-12-25,3424.783
2009-12-28,3478.433
2009-12-29,3500.737
2009-12-30,3558.857
2009-12-31,3575.684
2010-01-04,3535.229
2010-01-05,3564.038
2010-01-06,3541.727
2010-01-07,3471.456
2010-01-08,3480.13
2010-01-11,3482.052
2010-01-12,3534.916
2010-01-13,3421.144
2010-01-14,3469.051
2010-01-15,3482.738
2010-01-18,3500.684
2010-01-19,3507.482
2010-01-20,3394.434
2010-01-21,3408.574
2010-01-22,3366.197
2010-01-25,3327.992
2010-01-26,3242.797
2010-01-27,3198.566
2010-01-28,3206.57
2010-01-29,3204.155
2010-02-01,3152.707
2010-02-02,3146.189
2010-02-03,3230.715
2010-02-04,3218.802
2010-02-05,3153.087
2010-02-08,3150.988
2010-02-09,3169.19
2010-02-10,3214.13
2010-02-11,3220.398
2010-02-12,3251.278
2010-02-22,3233.345
2010-02-23,3198.634
2010-02-24,3244.483
2010-02-25,3292.128
2010-02-26,3281.666
2010-03-01,3324.423
2010-03-02,3311.236
2010-03-03,3335.081
2010-03-04,3250.573
2010-03-05,3259.764
2010-03-08,3286.178
2010-03-09,3305.863
2010-03-10,3279.694
2010-03-11,3276.705
2010-03-12,3233.126
2010-03-15,3183.183
2010-03-16,3203.971
2010-03-17,3273.916
2010-03-18,3267.555
2010-03-19,3293.871
2010-03-22,3302.628
2010-03-23,3275.573
2010-03-24,3276.669
2010-03-25,3229.128
2010-03-26,3275.002
2010-03-29,3358.54
2010-03-30,3366.708
2010-03-31,3345.607
2010-04-01,3391.935
2010-04-02,3407.346
2010-04-06,3405.145
2010-04-07,3386.949
2010-04-08,3346.744
2010-04-09,3379.17
2010-04-12,3351.478
2010-04-13,3391.716
2010-04-14,3403.707
2010-04-15,3394.574
2010-04-16,3356.332
2010-04-19,3176.423
2010-04-20,3173.374
2010-04-21,3236.679
2010-04-22,3201.541
2010-04-23,3190.003
2010-04-26,3171.997
2010-04-27,3108.409
2010-04-28,3097.353
2010-04-29,3060.064
2010-04-30,3067.365
2010-05-04,3019.449
2010-05-05,3036.394
2010-05-06,2896.856
2010-05-07,2836.789
2010-05-10,2858.233
2010-05-11,2800.817
2010-05-12,2818.16
2010-05-13,2886.911
2010-05-14,2868.023
2010-05-17,2714.715
2010-05-18,2771.348
2010-05-19,2762.174
2010-05-20,2726.022
2010-05-21,2768.791
2010-05-24,2873.469
2010-05-25,2813.943
2010-05-26,2813.944
2010-05-27,2859.979
2010-05-28,2850.302
2010-05-31,2773.264
2010-06-01,2744.162
2010-06-02,2757.527
2010-06-03,2736.076
2010-06-04,2744.391
2010-06-07,2695.715
2010-06-08,2699.336
2010-06-09,2782.133
2010-06-10,2750.023
2010-06-11,2758.866
2010-06-17,2742.733
2010-06-18,2696.166
2010-06-21,2780.663
2010-06-22,2783.72
2010-06-23,2758.495
2010-06-24,2757.498
2010-06-25,2736.287
2010-06-28,2716.777
2010-06-29,2592.019
2010-06-30,2563.07
2010-07-01,2526.071
2010-07-02,2534.105
2010-07-05,2512.651
2010-07-06,2562.902
2010-07-07,2580.477
2010-07-08,2575.921
2010-07-09,2647.104
2010-07-12,2676.218
2010-07-13,2634.593
2010-07-14,2653.609
2010-07-15,2608.519
2010-07-16,2616.128
2010-07-19,2682.472
2010-07-20,2741.503
2010-07-21,2747.335
2010-07-22,2781.286
2010-07-23,2793.076
2010-07-26,2811.055
2010-07-27,2795.724
2010-07-28,2863.724
2010-07-29,2877.976
2010-07-30,2868.846
2010-08-02,2917.275
2010-08-03,2865.971
2010-08-04,2876.434
2010-08-05,2850.829
2010-08-06,2897.659
2010-08-09,2918.241
2010-08-10,2832.638
2010-08-11,2850.211
2010-08-12,2816.386
2010-08-13,2855.547
2010-08-16,2922.083
2010-08-17,2942.291
2010-08-18,2937.362
2010-08-19,2955.395
2010-08-20,2898.333
2010-08-23,2896.192
2010-08-24,2911.827
2010-08-25,2843.023
2010-08-26,2850.093
2010-08-27,2858.566
2010-08-30,2915.01
2010-08-31,2903.188
2010-09-01,2884.042
2010-09-02,2921.393
2010-09-03,2920.205
2010-09-06,2975.09
2010-09-07,2983.108
2010-09-08,2980.967
2010-09-09,2926.46
2010-09-10,2932.554
2010-09-13,2962.319
2010-09-14,2965.009
2010-09-15,2913.194
2010-09-16,2857.789
2010-09-17,2861.369
2010-09-20,2849.828
2010-09-21,2857.476
2010-09-27,2905.029
2010-09-28,2880.907
2010-09-29,2874.812
2010-09-30,2935.574
2010-10-08,3044.233
2010-10-11,3132.895
2010-10-12,3172.726
2010-10-13,3217.577
2010-10-14,3224.14
2010-10-15,3327.683
2010-10-18,3306.16
2010-10-19,3375.674
2010-10-20,3396.879
2010-10-21,3374.685
2010-10-22,3378.655
2010-10-25,3481.081
2010-10-26,3466.084
2010-10-27,3403.872
2010-10-28,3397.692
2010-10-29,3379.983
2010-11-01,3472.995
2010-11-02,3463.131
2010-11-03,3420.341
2010-11-04,3480.505
2010-11-05,3520.798
2010-11-08,3548.566
2010-11-09,3523.954
2010-11-10,3499.111
2010-11-11,3509.975
2010-11-12,3291.833
2010-11-15,3314.893
2010-11-16,3169.538
2010-11-17,3103.906
2010-11-18,3147.962
2010-11-19,3178.846
2010-11-22,3171.941
2010-11-23,3107.176
2010-11-24,3177.043
2010-11-25,3223.484
2010-11-26,3194.853
2010-11-29,3190.05
2010-11-30,3136.985
2010-12-01,3136.024
2010-12-02,3155.059
2010-12-03,3158.156
2010-12-06,3165.57
2010-12-07,3200.339
2010-12-08,3171.882
2010-12-09,3123.366
2010-12-10,3161.977
2010-12-13,3261.061
2010-12-14,3269.474
2010-12-15,3247.644
2010-12-16,3230.665
2010-12-17,3225.661
2010-12-20,3178.657
2010-12-21,3249.509
2010-12-22,3215.453
2010-12-23,3188.607
2010-12-24,3162.955
2010-12-27,3099.709
2010-12-28,3044.931
2010-12-29,3061.83
2010-12-30,3064.098
2010-12-31,3128.261
2011-01-04,3189.682
2011-01-05,3175.662
2011-01-06,3159.643
2011-01-07,3166.624
2011-01-10,3108.187
2011-01-11,3124.922
2011-01-12,3142.337
2011-01-13,3141.284
2011-01-14,3091.862
2011-01-17,2974.35
2011-01-18,2977.648
2011-01-19,3044.851
2011-01-20,2945.428
2011-01-21,2983.777
2011-01-24,2954.629
2011-01-25,2938.654
2011-01-26,2978.431
2011-01-27,3026.466
2011-01-28,3036.735
2011-01-31,3076.508
2011-02-01,3077.283
2011-02-09,3040.949
2011-02-10,3104.163
2011-02-11,3120.956
2011-02-14,3219.143
2011-02-15,3217.671
2011-02-16,3248.527
2011-02-17,3245.907
2011-02-18,3211.876
2011-02-21,3257.908
2011-02-22,3163.578
2011-02-23,3174.742
2011-02-24,3190.935
2011-02-25,3197.617
2011-02-28,3239.559
2011-03-01,3254.893
2011-03-02,3243.298
2011-03-03,3221.718
2011-03-04,3270.666
2011-03-07,3334.51
2011-03-08,3337.457
2011-03-09,3338.858
2011-03-10,3280.259
2011-03-11,3247.376
2011-03-14,3262.92
2011-03-15,3203.961
2011-03-16,3248.195
2011-03-17,3197.1
2011-03-18,3215.685
2011-03-21,3207.11
2011-03-22,3222.961
2011-03-23,3264.926
2011-03-24,3251.361
2011-03-25,3294.484
2011-03-28,3290.571
2011-03-29,3257.979
2011-03-30,3256.08
2011-03-31,3223.288
2011-04-01,3272.729
2011-04-06,3311.067
2011-04-07,3324.419
2011-04-08,3353.358
2011-04-11,3333.427
2011-04-12,3326.771
2011-04-13,3372.031
2011-04-14,3353.56
2011-04-15,3358.944
2011-04-18,3359.438
2011-04-19,3295.812
2011-04-20,3295.758
2011-04-21,3317.367
2011-04-22,3299.942
2011-04-25,3249.574
2011-04-26,3230.96
2011-04-27,3209.503
2011-04-28,3161.776
2011-04-29,3192.723
2011-05-03,3211.132
2011-05-04,3129.028
2011-05-05,3126.117
2011-05-06,3121.396
2011-05-09,3129.759
2011-05-10,3153.221
2011-05-11,3145.085
2011-05-12,3101.603
2011-05-13,3128.093
2011-05-16,3100.463
2011-05-17,3116.028
2011-05-18,3139.379
2011-05-19,3120.639
2011-05-20,3121.596
2011-05-23,3022.98
2011-05-24,3026.223
2011-05-25,2990.343
2011-05-26,2978.381
2011-05-27,2963.308
2011-05-30,2954.506
2011-05-31,3001.556
2011-06-01,3004.173
2011-06-02,2955.705
2011-06-03,2986.349
2011-06-07,3004.262
2011-06-08,3008.652
2011-06-09,2951.889
2011-06-10,2961.932
2011-06-13,2950.348
2011-06-14,2993.559
2011-06-15,2963.119
2011-06-16,2917.578
2011-06-17,2892.157
2011-06-20,2874.896
2011-06-21,2909.073
2011-06-22,2908.582
2011-06-23,2957.629
2011-06-24,3027.47
2011-06-27,3036.491
2011-06-28,3041.734
2011-06-29,3000.169
2011-06-30,3044.089
2011-07-01,3049.745
2011-07-04,3121.98
2011-07-05,3122.5
2011-07-06,3113.712
2011-07-07,3101.68
2011-07-08,3109.183
2011-07-11,3113.206
2011-07-12,3056.905
2011-07-13,3106.247
2011-07-14,3115.745
2011-07-15,3128.889
2011-07-18,3122.6
2011-07-19,3095.125
2011-07-20,3091.567
2011-07-21,3059.139
2011-07-22,3067.985
2011-07-25,2968.289
2011-07-26,2977.766
2011-07-27,3000.052
2011-07-28,2981.002
2011-07-29,2972.079
2011-08-01,2977.721
2011-08-02,2956.383
2011-08-03,2954.87
2011-08-04,2960.309
2011-08-05,2897.417
2011-08-08,2793.897
2011-08-09,2798.19
2011-08-10,2824.12
2011-08-11,2866.924
2011-08-12,2875.365
2011-08-15,2917.883
2011-08-16,2897.581
2011-08-17,2886.013
2011-08-18,2834.254
2011-08-19,2807.664
2011-08-22,2777.787
2011-08-23,2821.003
2011-08-24,2810.016
2011-08-25,2903.837
2011-08-26,2901.216
2011-08-29,2852.809
2011-08-30,2841.74
2011-08-31,2846.776
2011-09-01,2834.535
2011-09-02,2803.854
2011-09-05,2743.817
2011-09-06,2723.303
2011-09-07,2779.09
2011-09-08,2756.105
2011-09-09,2751.095
2011-09-13,2720.283
2011-09-14,2733.108
2011-09-15,2729.051
2011-09-16,2733.987
2011-09-19,2679.27
2011-09-20,2689.845
2011-09-21,2771.011
2011-09-22,2685.688
2011-09-23,2669.478
2011-09-26,2610.919
2011-09-27,2637.879
2011-09-28,2610.59
2011-09-29,2588.185
2011-09-30,2581.351
2011-10-10,2557.082
2011-10-11,2551.994
2011-10-12,2644.758
2011-10-13,2662.601
2011-10-14,2653.782
2011-10-17,2666.951
2011-10-18,2592.209
2011-10-19,2583.081
2011-10-20,2520.532
2011-10-21,2507.877
2011-10-24,2576.669
2011-10-25,2625.425
2011-10-26,2651.652
2011-10-27,2657.478
2011-10-28,2709.017
2011-10-31,2695.307
2011-11-01,2697.534
2011-11-02,2742.39
2011-11-03,2744.301
2011-11-04,2763.746
2011-11-07,2736.248
2011-11-08,2727.71
2011-11-09,2751.654
2011-11-10,2699.588
2011-11-11,2695.002
2011-11-14,2750.195
2011-11-15,2744.68
2011-11-16,2670.116
2011-11-17,2662.017
2011-11-18,2606.495
2011-11-21,2609.687
2011-11-22,2609.475
2011-11-23,2584.011
2011-11-24,2588.915
2011-11-25,2569.973
2011-11-28,2573.321
2011-11-29,2608.569
2011-11-30,2521.52
2011-12-01,2583.613
2011-12-02,2557.311
2011-12-05,2521.385
2011-12-06,2516.341
2011-12-07,2528.228
2011-12-08,2525.001
2011-12-09,2503.461
2011-12-12,2477.692
2011-12-13,2421.928
2011-12-14,2397.48
2011-12-15,2340.788
2011-12-16,2390.129
2011-12-19,2384.408
2011-12-20,2377.073
2011-12-21,2339.108
2011-12-22,2341.335
2011-12-23,2359.159
2011-12-26,2335.702
2011-12-27,2305.035
2011-12-28,2307.928
2011-12-29,2311.361
2011-12-30,2345.742
2012-01-04,2298.753
2012-01-05,2276.385
2012-01-06,2290.601
2012-01-09,2368.57
2012-01-10,2447.349
2012-01-11,2435.608
2012-01-12,2435.219
2012-01-13,2394.334
2012-01-16,2345.649
2012-01-17,2460.601
2012-01-18,2422.189
2012-01-19,2468.35
2012-01-20,2504.086
2012-01-30,2460.72
2012-01-31,2464.26
2012-02-01,2428.994
2012-02-02,2486.238
2012-02-03,2506.09
2012-02-06,2504.322
2012-02-07,2457.954
2012-02-08,2528.236
2012-02-09,2529.231
2012-02-10,2533.624
2012-02-13,2531.981
2012-02-14,2522.107
2012-02-15,2549.607
2012-02-16,2536.074
2012-02-17,2537.086
2012-02-20,2540.706
2012-02-21,2562.453
2012-02-22,2597.476
2012-02-23,2606.256
2012-02-24,2648.017
2012-02-27,2656.573
2012-02-28,2662.463
2012-02-29,2634.143
2012-03-01,2633.345
2012-03-02,2679.934
2012-03-05,2662.698
2012-03-06,2621.052
2012-03-07,2603.005
2012-03-08,2635.791
2012-03-09,2664.302
2012-03-12,2654.402
2012-03-13,2681.073
2012-03-14,2605.106
2012-03-15,2585.546
2012-03-16,2623.52
2012-03-19,2630.013
2012-03-20,2584.445
2012-03-21,2587.793
2012-03-22,2583.747
2012-03-23,2552.94
2012-03-26,2555.442
2012-03-27,2547.143
2012-03-28,2474.9
2012-03-29,2443.122
2012-03-30,2454.899
2012-04-05,2512.832
2012-04-06,2519.83
2012-04-09,2495.146
2012-04-10,2519.788
2012-04-11,2520.036
2012-04-12,2570.436
2012-04-13,2580.454
2012-04-16,2574.044
2012-04-17,2541.883
2012-04-18,2599.908
2012-04-19,2596.056
2012-04-20,2626.839
2012-04-23,2606.038
2012-04-24,2604.866
2012-04-25,2625.99
2012-04-26,2631.487
2012-04-27,2626.157
2012-05-02,2683.487
2012-05-03,2691.518
2012-05-04,2715.879
2012-05-07,2717.778
2012-05-08,2709.116
2012-05-09,2657.514
2012-05-10,2657.214
2012-05-11,2636.917
2012-05-14,2615.534
2012-05-15,2617.374
2012-05-16,2574.647
2012-05-17,2613.942
2012-05-18,2573.976
2012-05-21,2587.231
2012-05-22,2627.525
2012-05-23,2616.869
2012-05-24,2595.26
2012-05-25,2573.103
2012-05-28,2614.689
2012-05-29,2650.854
2012-05-30,2642.258
2012-05-31,2632.042
2012-06-01,2632.998
2012-06-04,2559.026
2012-06-05,2558.842
2012-06-06,2557.401
2012-06-07,2542.184
2012-06-08,2524.329
2012-06-11,2558.265
2012-06-12,2540.178
2012-06-13,2580.636
2012-06-14,2560.421
2012-06-15,2568.054
2012-06-18,2581.212
2012-06-19,2558.621
2012-06-20,2552.611
2012-06-21,2512.185
2012-06-25,2456.518
2012-06-26,2454.915
2012-06-27,2447.195
2012-06-28,2425.729
2012-06-29,2461.612
2012-07-02,2465.238
2012-07-03,2468.721
2012-07-04,2464.919
2012-07-05,2430.37
2012-07-06,2472.614
2012-07-09,2416.036
2012-07-10,2406.706
2012-07-11,2425.572
2012-07-12,2449.181
2012-07-13,2450.633
2012-07-16,2399.731
2012-07-17,2414.201
2012-07-18,2414.335
2012-07-19,2424.322
2012-07-20,2398.455
2012-07-23,2365.431
2012-07-24,2375.992
2012-07-25,2360.083
2012-07-26,2347.488
2012-07-27,2349.108
2012-07-30,2335.793
2012-07-31,2332.922
2012-08-01,2358.651
2012-08-02,2334.882
2012-08-03,2353.737
2012-08-06,2385.611
2012-08-07,2388.873
2012-08-08,2389.795
2012-08-09,2411.7
2012-08-10,2399.751
2012-08-13,2351.931
2012-08-14,2357.016
2012-08-15,2331.615
2012-08-16,2319.67
2012-08-17,2313.476
2012-08-20,2301.788
2012-08-21,2313.703
2012-08-22,2295.586
2012-08-23,2302.199
2012-08-24,2275.677
2012-08-27,2228.204
2012-08-28,2238.411
2012-08-29,2214.814
2012-08-30,2211.37
2012-08-31,2204.868
2012-09-03,2228.369
2012-09-04,2204.407
2012-09-05,2199.875
2012-09-06,2217.823
2012-09-07,2317.179
2012-09-10,2326.666
2012-09-11,2311.89
2012-09-12,2320.071
2012-09-13,2298.461
2012-09-14,2315.542
2012-09-17,2258.705
2012-09-18,2235.239
2012-09-19,2246.236
2012-09-20,2195.951
2012-09-21,2199.063
2012-09-24,2215.516
2012-09-25,2210.154
2012-09-26,2184.891
2012-09-27,2251.717
2012-09-28,2293.106
2012-10-08,2270.054
2012-10-09,2320.157
2012-10-10,2324.117
2012-10-11,2302.533
2012-10-12,2304.531
2012-10-15,2294.857
2012-10-16,2298.162
2012-10-17,2300.803
2012-10-18,2336.077
2012-10-19,2332.47
2012-10-22,2341.592
2012-10-23,2312.077
2012-10-24,2307.779
2012-10-25,2291.239
2012-10-26,2247.907
2012-10-29,2235.854
2012-10-30,2239.882
2012-10-31,2254.82
2012-11-01,2297.884
2012-11-02,2306.774
2012-11-05,2301.88
2012-11-06,2292.206
2012-11-07,2287.505
2012-11-08,2245.405
2012-11-09,2240.924
2012-11-12,2251.848
2012-11-13,2212.44
2012-11-14,2223.11
2012-11-15,2193.623
2012-11-16,2177.24
2012-11-19,2174.985
2012-11-20,2164.881
2012-11-21,2194.896
2012-11-22,2177.546
2012-11-23,2192.676
2012-11-26,2175.599
2012-11-27,2150.638
2012-11-28,2129.161
2012-11-29,2115.676
2012-11-30,2139.661
2012-12-03,2108.85
2012-12-04,2131.473
2012-12-05,2207.878
2012-12-06,2203.602
2012-12-07,2246.757
2012-12-10,2271.046
2012-12-11,2258.5
2012-12-12,2267.767
2012-12-13,2242.635
2012-12-14,2355.865
2012-12-17,2366.7
2012-12-18,2368.12
2012-12-19,2371.109
2012-12-20,2384.816
2012-12-21,2372.002
2012-12-24,2381.217
2012-12-25,2448.395
2012-12-26,2457.619
2012-12-27,2444.594
2012-12-28,2480.049
2012-12-31,2522.952
2013-01-04,2524.409
2013-01-07,2535.985
2013-01-08,2525.33
2013-01-09,2526.126
2013-01-10,2530.569
2013-01-11,2483.23
2013-01-14,2577.725
2013-01-15,2595.856
2013-01-16,2577.092
2013-01-17,2552.758
2013-01-18,2595.439
2013-01-21,2610.898
2013-01-22,2596.898
2013-01-23,2607.456
2013-01-24,2582.755
2013-01-25,2571.674
2013-01-28,2651.863
2013-01-29,2675.866
2013-01-30,2688.711
2013-01-31,2686.882
2013-02-01,2743.324
2013-02-04,2748.028
2013-02-05,2771.675
2013-02-06,2775.844
2013-02-07,2759.87
2013-02-08,2771.725
2013-02-18,2737.471
2013-02-19,2685.606
2013-02-20,2702.635
2013-02-21,2610.549
2013-02-22,2596.604
2013-02-25,2604.96
2013-02-26,2567.595
2013-02-27,2594.677
2013-02-28,2673.327
2013-03-01,2668.836
2013-03-04,2545.715
2013-03-05,2622.807
2013-03-06,2650.202
2013-03-07,2619.479
2013-03-08,2606.927
2013-03-11,2592.372
2013-03-12,2555.615
2013-03-13,2527.486
2013-03-14,2534.273
2013-03-15,2539.873
2013-03-18,2502.493
2013-03-19,2525.097
2013-03-20,2610.174
2013-03-21,2614.988
2013-03-22,2618.308
2013-03-25,2613.097
2013-03-26,2575.05
2013-03-27,2583.53
2013-03-28,2499.302
2013-03-29,2495.083
2013-04-01,2493.187
2013-04-02,2486.391
2013-04-03,2483.547
2013-04-08,2472.299
2013-04-09,2489.43
2013-04-10,2485.309
2013-04-11,2477.876
2013-04-12,2462.112
2013-04-15,2436.818
2013-04-16,2459.592
2013-04-17,2458.473
2013-04-18,2464.851
2013-04-19,2533.827
2013-04-22,2530.67
2013-04-23,2449.471
2013-04-24,2495.579
2013-04-25,2467.875
2013-04-26,2447.306
2013-05-02,2449.639
2013-05-03,2492.912
2013-05-06,2525.983
2013-05-07,2529.938
2013-05-08,2542.798
2013-05-09,2527.794
2013-05-10,2540.836
2013-05-13,2530.768
2013-05-14,2493.338
2013-05-15,2506.925
2013-05-16,2552.709
2013-05-17,2592.048
2013-05-20,2609.607
2013-05-21,2614.853
2013-05-22,2618.034
2013-05-23,2582.849
2013-05-24,2597.228
2013-05-27,2599.587
2013-05-28,2644.359
2013-05-29,2642.561
2013-05-30,2634.323
2013-05-31,2606.426
2013-06-03,2602.623
2013-06-04,2565.666
2013-06-05,2560.539
2013-06-06,2527.845
2013-06-07,2484.16
2013-06-13,2399.937
2013-06-14,2416.771
2013-06-17,2403.839
2013-06-18,2418.745
2013-06-19,2400.765
2013-06-20,2321.466
2013-06-21,2317.396
2013-06-24,2171.21
2013-06-25,2165.421
2013-06-26,2168.297
2013-06-27,2160.735
2013-06-28,2200.639
2013-07-01,2213.317
2013-07-02,2221.984
2013-07-03,2203.828
2013-07-04,2221.979
2013-07-05,2226.849
2013-07-08,2163.619
2013-07-09,2162.669
2013-07-10,2224.065
2013-07-11,2326.688
2013-07-12,2275.373
2013-07-15,2307.297
2013-07-16,2317.848
2013-07-17,2282.836
2013-07-18,2245.328
2013-07-19,2190.478
2013-07-22,2202.189
2013-07-23,2265.845
2013-07-24,2249.151
2013-07-25,2237.683
2013-07-26,2224.008
2013-07-29,2175.97
2013-07-30,2189.388
2013-07-31,2193.021
2013-08-01,2245.364
2013-08-02,2247.263
2013-08-05,2278.329
2013-08-06,2293.641
2013-08-07,2280.623
2013-08-08,2276.782
2013-08-09,2286.01
2013-08-12,2352.794
2013-08-13,2359.068
2013-08-14,2349.08
2013-08-15,2321.576
2013-08-16,2304.144
2013-08-19,2331.43
2013-08-20,2312.465
2013-08-21,2308.589
2013-08-22,2303.932
2013-08-23,2286.929
2013-08-26,2335.616
2013-08-27,2340.881
2013-08-28,2328.056
2013-08-29,2318.311
2013-08-30,2313.91
2013-09-02,2320.344
2013-09-03,2354.502
2013-09-04,2350.716
2013-09-05,2341.735
2013-09-06,2357.782
2013-09-09,2440.609
2013-09-10,2474.894
2013-09-11,2482.889
2013-09-12,2507.455
2013-09-13,2488.902
2013-09-16,2478.39
2013-09-17,2427.322
2013-09-18,2432.51
2013-09-23,2472.288
2013-09-24,2443.885
2013-09-25,2429.03
2013-09-26,2384.443
2013-09-27,2394.971
2013-09-30,2408.582
2013-10-08,2441.811
2013-10-09,2453.583
2013-10-10,2429.317
2013-10-11,2468.508
2013-10-14,2472.743
2013-10-15,2467.517
2013-10-16,2421.371
2013-10-17,2413.33
2013-10-18,2426.054
2013-10-21,2471.322
2013-10-22,2445.891
2013-10-23,2418.491
2013-10-24,2400.511
2013-10-25,2368.559
2013-10-28,2365.954
2013-10-29,2372.053
2013-10-30,2407.841
2013-10-31,2373.718
2013-11-01,2384.96
2013-11-04,2380.454
2013-11-05,2383.769
2013-11-06,2353.568
2013-11-07,2340.552
2013-11-08,2307.945
2013-11-11,2315.532
2013-11-12,2340.0
2013-11-13,2288.116
2013-11-14,2304.501
2013-11-15,2350.734
2013-11-18,2428.903
2013-11-19,2412.163
2013-11-20,2424.85
2013-11-21,2409.989
2013-11-22,2397.962
2013-11-25,2388.629
2013-11-26,2387.416
2013-11-27,2414.481
2013-11-28,2439.53
2013-11-29,2438.944
2013-12-02,2418.788
2013-12-03,2442.784
2013-12-04,2475.135
2013-12-05,2468.197
2013-12-06,2452.287
2013-12-09,2450.872
2013-12-10,2453.322
2013-12-11,2412.763
2013-12-12,2410.015
2013-12-13,2406.639
2013-12-16,2367.923
2013-12-17,2356.376
2013-12-18,2357.226
2013-12-19,2332.41
2013-12-20,2278.136
2013-12-23,2284.602
2013-12-24,2288.248
2013-12-25,2305.11
2013-12-26,2265.334
2013-12-27,2303.478
2013-12-30,2299.458
2013-12-31,2330.026
2014-01-02,2321.978
2014-01-03,2290.779
2014-01-06,2238.637
2014-01-07,2238.001
2014-01-08,2241.911
2014-01-09,2222.221
2014-01-10,2204.851
2014-01-13,2193.679
2014-01-14,2212.846
2014-01-15,2208.941
2014-01-16,2211.844
2014-01-17,2178.488
2014-01-20,2165.993
2014-01-21,2187.41
2014-01-22,2243.796
2014-01-23,2231.889
2014-01-24,2245.678
2014-01-27,2215.919
2014-01-28,2219.855
2014-01-29,2227.781
2014-01-30,2202.45
2014-02-07,2212.483
2014-02-10,2267.534
2014-02-11,2285.562
2014-02-12,2291.246
2014-02-13,2279.554
2014-02-14,2295.575
2014-02-17,2311.647
2014-02-18,2282.442
2014-02-19,2308.656
2014-02-20,2287.436
2014-02-21,2264.294
2014-02-24,2214.509
2014-02-25,2157.909
2014-02-26,2163.405
2014-02-27,2154.108
2014-02-28,2178.971
2014-03-03,2190.37
2014-03-04,2184.273
2014-03-05,2163.976
2014-03-06,2173.634
2014-03-07,2168.358
2014-03-10,2097.787
2014-03-11,2108.661
2014-03-12,2114.134
2014-03-13,2140.333
2014-03-14,2122.836
2014-03-17,2143.038
2014-03-18,2138.133
2014-03-19,2120.87
2014-03-20,2086.967
2014-03-21,2158.798
2014-03-24,2176.554
2014-03-25,2174.44
2014-03-26,2171.047
2014-03-27,2155.707
2014-03-28,2151.965
2014-03-31,2146.305
2014-04-01,2163.115
2014-04-02,2180.727
2014-04-03,2165.008
2014-04-04,2185.472
2014-04-08,2237.316
2014-04-09,2238.62
2014-04-10,2273.761
2014-04-11,2270.666
2014-04-14,2268.613
2014-04-15,2229.463
2014-04-16,2232.526
2014-04-17,2224.803
2014-04-18,2224.479
2014-04-21,2187.248
2014-04-22,2196.795
2014-04-23,2194.668
2014-04-24,2190.474
2014-04-25,2167.826
2014-04-28,2134.969
2014-04-29,2158.47
2014-04-30,2158.659
2014-05-05,2156.47
2014-05-06,2157.328
2014-05-07,2137.316
2014-05-08,2135.496
2014-05-09,2133.911
2014-05-12,2180.054
2014-05-13,2174.852
2014-05-14,2172.372
2014-05-15,2144.084
2014-05-16,2145.952
2014-05-19,2115.143
2014-05-20,2115.771
2014-05-21,2135.905
2014-05-22,2130.868
2014-05-23,2148.414
2014-05-26,2155.976
2014-05-27,2147.28
2014-05-28,2169.352
2014-05-29,2155.164
2014-05-30,2156.464
2014-06-03,2149.918
2014-06-04,2128.274
2014-06-05,2150.602
2014-06-06,2134.716
2014-06-09,2134.281
2014-06-10,2161.268
2014-06-11,2160.766
2014-06-12,2153.41
2014-06-13,2176.242
2014-06-16,2191.855
2014-06-17,2169.674
2014-06-18,2160.239
2014-06-19,2126.907
2014-06-20,2136.729
2014-06-23,2134.11
2014-06-24,2144.821
2014-06-25,2133.371
2014-06-26,2149.076
2014-06-27,2150.258
2014-06-30,2165.118
2014-07-01,2164.559
2014-07-02,2170.867
2014-07-03,2180.192
2014-07-04,2178.695
2014-07-07,2176.289
2014-07-08,2180.473
2014-07-09,2148.71
2014-07-10,2142.847
2014-07-11,2148.009
2014-07-14,2171.758
2014-07-15,2174.976
2014-07-16,2170.868
2014-07-17,2157.068
2014-07-18,2164.144
2014-07-21,2166.295
2014-07-22,2192.698
2014-07-23,2197.833
2014-07-24,2237.015
2014-07-25,2260.454
2014-07-28,2323.897
2014-07-29,2331.369
2014-07-30,2322.011
2014-07-31,2350.251
2014-08-01,2329.402
2014-08-04,2375.62
2014-08-05,2369.353
2014-08-06,2363.221
2014-08-07,2327.457
2014-08-08,2331.134
2014-08-11,2365.349
2014-08-12,2357.052
2014-08-13,2358.901
2014-08-14,2335.945
2014-08-15,2360.635
2014-08-18,2374.562
2014-08-19,2374.768
2014-08-20,2366.14
2014-08-21,2354.244
2014-08-22,2365.364
2014-08-25,2342.863
2014-08-26,2324.092
2014-08-27,2327.595
2014-08-28,2311.278
2014-08-29,2338.287
2014-09-01,2355.317
2014-09-02,2386.46
2014-09-03,2408.838
2014-09-04,2426.224
2014-09-05,2449.259
2014-09-09,2445.224
2014-09-10,2432.433
2014-09-11,2423.454
2014-09-12,2438.358
2014-09-15,2437.189
2014-09-16,2388.765
2014-09-17,2401.326
2014-09-18,2408.664
2014-09-19,2425.211
2014-09-22,2378.92
2014-09-23,2399.462
2014-09-24,2441.864
2014-09-25,2436.965
2014-09-26,2437.2
2014-09-29,2447.8
2014-09-30,2450.99
2014-10-08,2478.38
2014-10-09,2481.96
2014-10-10,2466.79
2014-10-13,2454.95
2014-10-14,2446.56
2014-10-15,2463.87
2014-10-16,2444.4
2014-10-17,2441.73
2014-10-20,2454.71
2014-10-21,2433.39
2014-10-22,2418.64
2014-10-23,2395.94
2014-10-24,2390.71
2014-10-27,2368.83
2014-10-28,2416.65
2014-10-29,2451.38
2014-10-30,2468.93
2014-10-31,2508.33
2014-11-03,2512.55
2014-11-04,2513.17
2014-11-05,2503.45
2014-11-06,2506.07
2014-11-07,2502.15
2014-11-10,2565.73
2014-11-11,2558.61
2014-11-12,2594.32
2014-11-13,2579.75
2014-11-14,2581.09
2014-11-17,2567.1
2014-11-18,2541.42
2014-11-19,2537.22
2014-11-20,2537.1
2014-11-21,2583.46
2014-11-24,2649.26
2014-11-25,2685.56
2014-11-26,2723.02
2014-11-27,2754.49
2014-11-28,2808.82
2014-12-01,2819.81
2014-12-02,2923.94
2014-12-03,2967.55
2014-12-04,3104.35
2014-12-05,3124.89
2014-12-08,3252.88
2014-12-09,3106.91
2014-12-10,3221.55
2014-12-11,3183.01
2014-12-12,3193.23
2014-12-15,3217.23
2014-12-16,3303.4
2014-12-17,3360.6
2014-12-18,3345.93
2014-12-19,3383.17
2014-12-22,3394.48
2014-12-23,3324.92
2014-12-24,3230.39
2014-12-25,3335.42
2014-12-26,3445.84
2014-12-29,3455.46
2014-12-30,3457.55
2014-12-31,3533.71
2015-01-05,3641.54
2015-01-06,3641.06
2015-01-07,3643.79
2015-01-08,3559.26
2015-01-09,3546.72
2015-01-12,3513.58
2015-01-13,3514.04
2015-01-14,3502.42
2015-01-15,3604.121
2015-01-16,3635.146
2015-01-19,3355.155
2015-01-20,3396.222
2015-01-21,3548.885
2015-01-22,3567.613
2015-01-23,3571.732
2015-01-26,3607.985
2015-01-27,3574.931
2015-01-28,3525.323
2015-01-29,3481.798
2015-01-30,3434.39
2015-02-02,3353.96
2015-02-03,3437.445
2015-02-04,3401.768
2015-02-05,3366.946
2015-02-06,3312.42
2015-02-09,3345.921
2015-02-10,3406.943
2015-02-11,3434.124
2015-02-12,3442.874
2015-02-13,3469.828
2015-02-16,3499.483
2015-02-17,3522.322
2015-02-25,3478.729
2015-02-26,3566.295
2015-02-27,3572.843
2015-03-02,3601.265
2015-03-03,3507.9
2015-03-04,3530.822
2015-03-05,3496.344
2015-03-06,3478.52
2015-03-09,3537.75
2015-03-10,3520.611
2015-03-11,3524.653
2015-03-12,3592.844
2015-03-13,3617.657
2015-03-16,3705.671
2015-03-17,3757.122
2015-03-18,3846.055
2015-03-19,3839.739
2015-03-20,3892.574
2015-03-23,3972.061
2015-03-24,3973.046
2015-03-25,3940.412
2015-03-26,3949.999
2015-03-27,3971.697
2015-03-30,4088.178
2015-03-31,4051.204
2015-04-01,4123.895
2015-04-02,4124.776
2015-04-03,4170.538
2015-04-07,4260.044
2015-04-08,4295.803
2015-04-09,4262.138
2015-04-10,4344.416
2015-04-13,4421.073
2015-04-14,4438.184
2015-04-15,4380.513
2015-04-16,4513.546
2015-04-17,4596.136
2015-04-20,4521.919
2015-04-21,4619.164
2015-04-22,4739.814
2015-04-23,4740.892
2015-04-24,4702.641
2015-04-27,4807.87
2015-04-28,4742.573
2015-04-29,4774.326
2015-04-30,4749.886
2015-05-04,4787.741
2015-05-05,4596.837
2015-05-06,4553.327
2015-05-07,4470.089
2015-05-08,4558.404
2015-05-11,4690.532
2015-05-12,4747.421
2015-05-13,4718.436
2015-05-14,4700.778
2015-05-15,4617.47
2015-05-18,4575.236
2015-05-19,4731.222
2015-05-20,4754.919
2015-05-21,4840.976
2015-05-22,4951.335
2015-05-25,5099.495
2015-05-26,5198.918
2015-05-27,5181.434
2015-05-28,4834.007
2015-05-29,4840.829
2015-06-01,5076.179
2015-06-02,5161.87
2015-06-03,5143.59
2015-06-04,5181.416
2015-06-05,5230.552
2015-06-08,5353.751
2015-06-09,5317.461
2015-06-10,5309.112
2015-06-11,5306.59
2015-06-12,5335.115
2015-06-15,5221.167
2015-06-16,5064.821
2015-06-17,5138.831
2015-06-18,4930.549
2015-06-19,4637.052
2015-06-23,4786.091
2015-06-24,4880.126
2015-06-25,4706.516
2015-06-26,4336.195
2015-06-29,4191.549
2015-06-30,4472.998
2015-07-01,4253.021
2015-07-02,4107.996
2015-07-03,3885.917
2015-07-06,3998.537
2015-07-07,3928.003
2015-07-08,3663.038
2015-07-09,3897.626
2015-07-10,4106.556
2015-07-13,4211.812
2015-07-14,4112.149
2015-07-15,3966.759
2015-07-16,3997.356
2015-07-17,4151.496
2015-07-20,4160.612
2015-07-21,4166.006
2015-07-22,4157.16
2015-07-23,4250.805
2015-07-24,4176.279
2015-07-27,3818.731
2015-07-28,3811.093
2015-07-29,3930.394
2015-07-30,3815.412
2015-07-31,3816.699
2015-08-03,3829.235
2015-08-04,3948.155
2015-08-05,3866.9
2015-08-06,3831.852
2015-08-07,3906.945
2015-08-10,4084.365
2015-08-11,4066.669
2015-08-12,4016.126
2015-08-13,4075.463
2015-08-14,4073.54
2015-08-17,4077.872
2015-08-18,3825.412
2015-08-19,3886.136
2015-08-20,3761.454
2015-08-21,3589.536
2015-08-24,3275.534
2015-08-25,3042.927
2015-08-26,3025.692
2015-08-27,3205.638
2015-08-28,3342.286
2015-08-31,3366.536
2015-09-01,3362.083
2015-09-02,3365.832
2015-09-07,3250.485
2015-09-08,3334.023
2015-09-09,3399.305
2015-09-10,3357.561
2015-09-11,3347.188
2015-09-14,3281.132
2015-09-15,3152.232
2015-09-16,3309.248
2015-09-17,3236.999
2015-09-18,3251.273
2015-09-21,3308.247
2015-09-22,3339.03
2015-09-23,3263.028
2015-09-24,3284.999
2015-09-25,3231.951
2015-09-28,3242.752
2015-09-29,3178.854
2015-09-30,3202.948
2015-10-08,3296.482
2015-10-09,3340.116
2015-10-12,3447.693
2015-10-13,3445.043
2015-10-14,3406.112
2015-10-15,3486.815
2015-10-16,3534.065
2015-10-19,3534.182
2015-10-20,3577.703
2015-10-21,3473.254
2015-10-22,3524.534
2015-10-23,3571.241
2015-10-26,3589.261
2015-10-27,3592.879
2015-10-28,3524.92
2015-10-29,3533.307
2015-10-30,3534.079
2015-11-02,3475.962
2015-11-03,3465.493
2015-11-04,3628.538
2015-11-05,3705.97
2015-11-06,3793.374
2015-11-09,3840.355
2015-11-10,3833.238
2015-11-11,3833.646
2015-11-12,3795.324
2015-11-13,3746.242
2015-11-16,3764.126
2015-11-17,3758.387
2015-11-18,3715.58
2015-11-19,3774.969
2015-11-20,3774.383
2015-11-23,3753.335
2015-11-24,3753.889
2015-11-25,3781.607
2015-11-26,3759.429
2015-11-27,3556.992
2015-11-30,3566.412
2015-12-01,3591.696
2015-12-02,3721.955
2015-12-03,3749.299
2015-12-04,3677.592
2015-12-07,3687.607
2015-12-08,3623.02
2015-12-09,3635.938
2015-12-10,3623.084
2015-12-11,3608.059
2015-12-14,3711.322
2015-12-15,3694.389
2015-12-16,3685.44
2015-12-17,3755.888
2015-12-18,3767.913
2015-12-21,3865.965
2015-12-22,3876.733
2015-12-23,3866.381
2015-12-24,3829.402
2015-12-25,3838.201
2015-12-28,3727.632
2015-12-29,3761.875
2015-12-30,3765.175
2015-12-31,3731.005
2016-01-04,3469.066
2016-01-05,3478.78
2016-01-06,3539.808
2016-01-07,3294.384
2016-01-08,3361.563
2016-01-11,3192.45
2016-01-12,3215.71
2016-01-13,3155.879
2016-01-14,3221.571
2016-01-15,3118.73
2016-01-18,3130.729
2016-01-19,3223.125
2016-01-20,3174.378
2016-01-21,3081.345
2016-01-22,3113.463
2016-01-25,3128.886
2016-01-26,2940.509
2016-01-27,2930.352
2016-01-28,2853.756
2016-01-29,2946.09
2016-02-01,2901.048
2016-02-02,2961.334
2016-02-03,2948.639
2016-02-04,2984.76
2016-02-05,2963.789
2016-02-15,2946.707
2016-02-16,3037.035
2016-02-17,3063.32
2016-02-18,3053.699
2016-02-19,3051.585
2016-02-22,3118.868
2016-02-23,3089.363
2016-02-24,3109.545
2016-02-25,2918.75
2016-02-26,2948.031
2016-02-29,2877.467
2016-03-01,2930.694
2016-03-02,3051.333
2016-03-03,3058.422
2016-03-04,3093.89
2016-03-07,3104.84
2016-03-08,3107.673
2016-03-09,3071.907
2016-03-10,3013.146
2016-03-11,3018.284
2016-03-14,3065.69
2016-03-15,3074.78
2016-03-16,3090.033
2016-03-17,3124.204
2016-03-18,3171.963
2016-03-21,3249.437
2016-03-22,3225.79
2016-03-23,3236.092
2016-03-24,3181.851
2016-03-25,3197.817
2016-03-28,3169.728
2016-03-29,3135.41
2016-03-30,3216.275
2016-03-31,3218.088
2016-04-01,3221.895
2016-04-05,3264.486
2016-04-06,3257.528
2016-04-07,3209.29
2016-04-08,3185.726
2016-04-11,3230.096
2016-04-12,3218.45
2016-04-13,3261.383
2016-04-14,3275.832
2016-04-15,3272.205
2016-04-18,3228.453
2016-04-19,3238.303
2016-04-20,3181.026
2016-04-21,3160.603
2016-04-22,3174.901
2016-04-25,3162.033
2016-04-26,3179.161
2016-04-27,3165.916
2016-04-28,3160.581
2016-04-29,3156.745
2016-05-03,3213.54
2016-05-04,3209.461
2016-05-05,3213.92
2016-05-06,3130.354
2016-05-09,3065.615
2016-05-10,3069.112
2016-05-11,3082.808
2016-05-12,3090.137
2016-05-13,3074.935
2016-05-16,3095.308
2016-05-17,3086.024
2016-05-18,3068.035
2016-05-19,3062.5
2016-05-20,3078.218
2016-05-23,3087.222
2016-05-24,3063.555
2016-05-25,3059.225
2016-05-26,3064.211
2016-05-27,3062.499
2016-05-30,3066.709
2016-05-31,3169.559
2016-06-01,3160.547
2016-06-02,3167.099
2016-06-03,3189.325
2016-06-06,3178.788
2016-06-07,3177.053
2016-06-08,3163.986
2016-06-13,3066.341
2016-06-14,3075.983
2016-06-15,3116.368
2016-06-16,3094.674
2016-06-17,3110.357
2016-06-20,3112.674
2016-06-21,3106.317
2016-06-22,3133.961
2016-06-23,3117.316
2016-06-24,3077.155
2016-06-27,3120.544
2016-06-28,3136.401
2016-06-29,3151.389
2016-06-30,3153.921
2016-07-01,3154.2
2016-07-04,3204.696
2016-07-05,3207.382
2016-07-06,3216.803
2016-07-07,3209.954
2016-07-08,3192.28
2016-07-11,3203.329
2016-07-12,3273.182
2016-07-13,3282.868
2016-07-14,3276.763
2016-07-15,3276.277
2016-07-18,3262.022
2016-07-19,3248.234
2016-07-20,3237.605
2016-07-21,3252.522
2016-07-22,3225.162
2016-07-25,3230.885
2016-07-26,3269.588
2016-07-27,3218.243
2016-07-28,3221.136
2016-07-29,3203.93
2016-08-01,3176.809
2016-08-02,3189.052
2016-08-03,3193.507
2016-08-04,3201.288
2016-08-05,3205.11
2016-08-08,3234.183
2016-08-09,3256.981
2016-08-10,3243.34
2016-08-11,3233.36
2016-08-12,3294.233
2016-08-15,3393.423
2016-08-16,3378.245
2016-08-17,3373.047
2016-08-18,3364.485
2016-08-19,3365.019
2016-08-22,3336.794
2016-08-23,3341.829
2016-08-24,3329.863
2016-08-25,3308.972
2016-08-26,3307.09
2016-08-29,3307.781
2016-08-30,3311.987
2016-08-31,3327.793
2016-09-01,3301.576
2016-09-02,3314.114
2016-09-05,3319.68
2016-09-06,3342.625
2016-09-07,3340.817
2016-09-08,3339.564
2016-09-09,3318.044
2016-09-12,3262.604
2016-09-13,3260.333
2016-09-14,3238.729
2016-09-19,3263.124
2016-09-20,3257.403
2016-09-21,3266.636
2016-09-22,3291.121
2016-09-23,3275.666
2016-09-26,3220.283
2016-09-27,3240.754
2016-09-28,3230.89
2016-09-29,3244.387
2016-09-30,3253.284
2016-10-10,3293.868
2016-10-11,3306.557
2016-10-12,3300.009
2016-10-13,3302.645
2016-10-14,3305.848
2016-10-17,3277.878
2016-10-18,3321.332
2016-10-19,3316.24
2016-10-20,3318.604
2016-10-21,3327.74
2016-10-24,3367.577
2016-10-25,3367.454
2016-10-26,3354.8
2016-10-27,3345.695
2016-10-28,3340.126
2016-10-31,3336.277
2016-11-01,3359.051
2016-11-02,3333.352
2016-11-03,3365.085
2016-11-04,3354.174
2016-11-07,3356.591
2016-11-08,3371.117
2016-11-09,3353.054
2016-11-10,3390.611
2016-11-11,3417.221
2016-11-14,3430.248
2016-11-15,3429.869
2016-11-16,3429.592
2016-11-17,3436.535
2016-11-18,3417.455
2016-11-21,3441.11
2016-11-22,3468.363
2016-11-23,3474.728
2016-11-24,3488.74
2016-11-25,3521.298
2016-11-28,3535.08
2016-11-29,3564.04
2016-11-30,3538.001
2016-12-01,3565.036
2016-12-02,3528.954
2016-12-05,3469.407
2016-12-06,3459.153
2016-12-07,3475.747
2016-12-08,3470.142
2016-12-09,3493.7
2016-12-12,3409.179
2016-12-13,3405.035
2016-12-14,3378.945
2016-12-15,3340.433
2016-12-16,3346.03
2016-12-19,3328.982
2016-12-20,3309.064
2016-12-21,3338.536
2016-12-22,3335.672
2016-12-23,3307.599
2016-12-26,3322.4
2016-12-27,3316.385
2016-12-28,3301.888
2016-12-29,3297.764
2016-12-30,3310.08
2017-01-03,3342.227
2017-01-04,3368.311
2017-01-05,3367.789
2017-01-06,3347.666
2017-01-09,3363.901
2017-01-10,3358.271
2017-01-11,3334.495
2017-01-12,3317.624
2017-01-13,3319.912
2017-01-16,3319.445
2017-01-17,3326.566
2017-01-18,3339.365
2017-01-19,3329.289
2017-01-20,3354.889
2017-01-23,3363.93
2017-01-24,3364.46
2017-01-25,3375.987
2017-01-26,3387.96
2017-02-03,3365.117
2017-02-06,3373.676
2017-02-07,3366.004
2017-02-08,3383.685
2017-02-09,3396.731
2017-02-10,3414.108
2017-02-13,3436.703
2017-02-14,3435.765
2017-02-15,3421.915
2017-02-16,3440.859
2017-02-17,3421.736
