Date,US Interest
2000-01-03,6.598
2000-01-04,6.532
2000-01-05,6.631
2000-01-06,6.572
2000-01-07,6.537
2000-01-10,6.59
2000-01-11,6.677
2000-01-12,6.701
2000-01-13,6.639
2000-01-14,6.688
2000-01-18,6.742
2000-01-19,6.716
2000-01-20,6.727
2000-01-21,6.709
2000-01-24,6.647
2000-01-25,6.634
2000-01-26,6.586
2000-01-27,6.525
2000-01-28,6.431
2000-01-31,6.491
2000-02-01,6.421
2000-02-02,6.315
2000-02-03,6.164
2000-02-04,6.225
2000-02-07,6.334
2000-02-08,6.22
2000-02-09,6.301
2000-02-10,6.436
2000-02-11,6.293
2000-02-14,6.217
2000-02-15,6.244
2000-02-16,6.265
2000-02-17,6.212
2000-02-18,6.148
2000-02-22,6.068
2000-02-23,6.135
2000-02-24,6.126
2000-02-25,6.153
2000-02-28,6.189
2000-02-29,6.133
2000-03-01,6.151
2000-03-02,6.144
2000-03-03,6.117
2000-03-06,6.144
2000-03-07,6.148
2000-03-08,6.16
2000-03-09,6.148
2000-03-10,6.189
2000-03-13,6.162
2000-03-14,6.106
2000-03-15,6.072
2000-03-16,6.039
2000-03-17,6.001
2000-03-20,5.988
2000-03-21,5.966
2000-03-22,5.968
2000-03-23,5.904
2000-03-24,5.984
2000-03-27,5.986
2000-03-28,5.988
2000-03-29,5.962
2000-03-30,5.873
2000-03-31,5.846
2000-04-03,5.825
2000-04-04,5.737
2000-04-05,5.795
2000-04-06,5.791
2000-04-07,5.708
2000-04-10,5.683
2000-04-11,5.772
2000-04-12,5.841
2000-04-13,5.803
2000-04-14,5.782
2000-04-17,5.908
2000-04-18,5.912
2000-04-19,5.844
2000-04-20,5.825
2000-04-24,5.856
2000-04-25,5.934
2000-04-26,5.942
2000-04-27,5.993
2000-04-28,5.962
2000-05-01,5.976
2000-05-02,6.019
2000-05-03,6.11
2000-05-04,6.174
2000-05-05,6.192
2000-05-08,6.25
2000-05-09,6.208
2000-05-10,6.165
2000-05-11,6.147
2000-05-12,6.199
2000-05-15,6.165
2000-05-16,6.106
2000-05-17,6.174
2000-05-18,6.231
2000-05-19,6.227
2000-05-22,6.169
2000-05-23,6.172
2000-05-24,6.185
2000-05-25,6.097
2000-05-26,6.052
2000-05-30,6.086
2000-05-31,6.017
2000-06-01,5.949
2000-06-02,5.935
2000-06-05,5.905
2000-06-06,5.909
2000-06-07,5.884
2000-06-08,5.875
2000-06-09,5.89
2000-06-12,5.875
2000-06-13,5.937
2000-06-14,5.911
2000-06-15,5.918
2000-06-16,5.875
2000-06-19,5.885
2000-06-20,5.896
2000-06-21,5.959
2000-06-22,5.981
2000-06-23,6.032
2000-06-26,5.983
2000-06-27,5.941
2000-06-28,5.963
2000-06-29,5.877
2000-06-30,5.881
2000-07-03,5.862
2000-07-05,5.857
2000-07-06,5.9
2000-07-07,5.859
2000-07-10,5.876
2000-07-11,5.883
2000-07-12,5.883
2000-07-13,5.81
2000-07-14,5.872
2000-07-17,5.913
2000-07-18,5.909
2000-07-19,5.913
2000-07-20,5.814
2000-07-21,5.795
2000-07-24,5.802
2000-07-25,5.802
2000-07-26,5.81
2000-07-27,5.768
2000-07-28,5.776
2000-07-31,5.78
2000-08-01,5.736
2000-08-02,5.764
2000-08-03,5.732
2000-08-04,5.711
2000-08-07,5.751
2000-08-08,5.732
2000-08-09,5.726
2000-08-10,5.674
2000-08-11,5.707
2000-08-14,5.699
2000-08-15,5.713
2000-08-16,5.728
2000-08-17,5.707
2000-08-18,5.686
2000-08-21,5.703
2000-08-22,5.695
2000-08-23,5.676
2000-08-24,5.659
2000-08-25,5.668
2000-08-28,5.715
2000-08-29,5.751
2000-08-30,5.736
2000-08-31,5.674
2000-09-01,5.655
2000-09-05,5.663
2000-09-06,5.7
2000-09-07,5.713
2000-09-08,5.692
2000-09-11,5.721
2000-09-12,5.75
2000-09-13,5.732
2000-09-14,5.805
2000-09-15,5.895
2000-09-18,5.956
2000-09-19,5.914
2000-09-20,5.962
2000-09-21,5.927
2000-09-22,5.904
2000-09-25,5.891
2000-09-26,5.852
2000-09-27,5.899
2000-09-28,5.884
2000-09-29,5.869
2000-10-02,5.925
2000-10-03,5.945
2000-10-04,5.947
2000-10-05,5.899
2000-10-06,5.845
2000-10-09,5.845
2000-10-10,5.828
2000-10-11,5.826
2000-10-12,5.809
2000-10-13,5.799
2000-10-16,5.813
2000-10-17,5.761
2000-10-18,5.769
2000-10-19,5.752
2000-10-20,5.725
2000-10-23,5.679
2000-10-24,5.706
2000-10-25,5.752
2000-10-26,5.729
2000-10-27,5.74
2000-10-30,5.746
2000-10-31,5.784
2000-11-01,5.784
2000-11-02,5.786
2000-11-03,5.845
2000-11-06,5.888
2000-11-07,5.891
2000-11-08,5.878
2000-11-09,5.854
2000-11-10,5.871
2000-11-13,5.835
2000-11-14,5.807
2000-11-15,5.763
2000-11-16,5.739
2000-11-17,5.773
2000-11-20,5.754
2000-11-21,5.733
2000-11-22,5.646
2000-11-24,5.666
2000-11-27,5.702
2000-11-28,5.672
2000-11-29,5.654
2000-11-30,5.586
2000-12-01,5.641
2000-12-04,5.664
2000-12-05,5.59
2000-12-06,5.522
2000-12-07,5.5
2000-12-08,5.548
2000-12-11,5.538
2000-12-12,5.528
2000-12-13,5.478
2000-12-14,5.446
2000-12-15,5.416
2000-12-18,5.434
2000-12-19,5.468
2000-12-20,5.422
2000-12-21,5.405
2000-12-22,5.389
2000-12-26,5.404
2000-12-27,5.442
2000-12-28,5.436
2000-12-29,5.459
2001-01-02,5.35
2001-01-03,5.463
2001-01-04,5.435
2001-01-05,5.414
2001-01-08,5.408
2001-01-09,5.419
2001-01-10,5.479
2001-01-11,5.543
2001-01-12,5.618
2001-01-16,5.597
2001-01-17,5.516
2001-01-18,5.468
2001-01-19,5.551
2001-01-22,5.605
2001-01-23,5.648
2001-01-24,5.665
2001-01-25,5.623
2001-01-26,5.636
2001-01-29,5.687
2001-01-30,5.583
2001-01-31,5.536
2001-02-01,5.448
2001-02-02,5.504
2001-02-05,5.476
2001-02-06,5.51
2001-02-07,5.514
2001-02-08,5.528
2001-02-09,5.369
2001-02-12,5.419
2001-02-13,5.428
2001-02-14,5.437
2001-02-15,5.486
2001-02-16,5.452
2001-02-20,5.452
2001-02-21,5.488
2001-02-22,5.525
2001-02-23,5.473
2001-02-26,5.439
2001-02-27,5.343
2001-02-28,5.337
2001-03-01,5.279
2001-03-02,5.362
2001-03-05,5.362
2001-03-06,5.373
2001-03-07,5.314
2001-03-08,5.299
2001-03-09,5.318
2001-03-12,5.312
2001-03-13,5.335
2001-03-14,5.283
2001-03-15,5.291
2001-03-16,5.262
2001-03-19,5.293
2001-03-20,5.285
2001-03-21,5.283
2001-03-22,5.241
2001-03-23,5.297
2001-03-26,5.351
2001-03-27,5.445
2001-03-28,5.464
2001-03-29,5.473
2001-03-30,5.453
2001-04-02,5.477
2001-04-03,5.477
2001-04-04,5.494
2001-04-05,5.521
2001-04-06,5.456
2001-04-09,5.481
2001-04-10,5.622
2001-04-11,5.602
2001-04-12,5.6
2001-04-16,5.696
2001-04-17,5.64
2001-04-18,5.644
2001-04-19,5.76
2001-04-20,5.777
2001-04-23,5.726
2001-04-24,5.731
2001-04-25,5.777
2001-04-26,5.71
2001-04-27,5.79
2001-04-30,5.772
2001-05-01,5.74
2001-05-02,5.701
2001-05-03,5.633
2001-05-04,5.647
2001-05-07,5.683
2001-05-08,5.712
2001-05-09,5.669
2001-05-10,5.747
2001-05-11,5.882
2001-05-14,5.844
2001-05-15,5.894
2001-05-16,5.866
2001-05-17,5.826
2001-05-18,5.752
2001-05-21,5.754
2001-05-22,5.768
2001-05-23,5.789
2001-05-24,5.856
2001-05-25,5.835
2001-05-29,5.849
2001-05-30,5.842
2001-05-31,5.779
2001-06-01,5.711
2001-06-04,5.681
2001-06-05,5.649
2001-06-06,5.663
2001-06-07,5.715
2001-06-08,5.729
2001-06-11,5.683
2001-06-12,5.645
2001-06-13,5.654
2001-06-14,5.636
2001-06-15,5.665
2001-06-18,5.693
2001-06-19,5.684
2001-06-20,5.665
2001-06-21,5.632
2001-06-22,5.58
2001-06-25,5.587
2001-06-26,5.65
2001-06-27,5.609
2001-06-28,5.675
2001-06-29,5.736
2001-07-02,5.688
2001-07-03,5.718
2001-07-05,5.752
2001-07-06,5.748
2001-07-09,5.698
2001-07-10,5.664
2001-07-11,5.693
2001-07-12,5.646
2001-07-13,5.628
2001-07-16,5.587
2001-07-17,5.574
2001-07-18,5.517
2001-07-19,5.523
2001-07-20,5.532
2001-07-23,5.526
2001-07-24,5.513
2001-07-25,5.526
2001-07-26,5.59
2001-07-27,5.541
2001-07-30,5.528
2001-07-31,5.502
2001-08-01,5.528
2001-08-02,5.561
2001-08-03,5.583
2001-08-06,5.592
2001-08-07,5.599
2001-08-08,5.517
2001-08-09,5.528
2001-08-10,5.526
2001-08-13,5.506
2001-08-14,5.509
2001-08-15,5.513
2001-08-16,5.48
2001-08-17,5.422
2001-08-20,5.456
2001-08-21,5.443
2001-08-22,5.439
2001-08-23,5.403
2001-08-24,5.443
2001-08-27,5.467
2001-08-28,5.411
2001-08-29,5.362
2001-08-30,5.371
2001-08-31,5.368
2001-09-04,5.493
2001-09-05,5.478
2001-09-06,5.407
2001-09-07,5.39
2001-09-10,5.437
2001-09-17,5.407
2001-09-18,5.511
2001-09-19,5.552
2001-09-20,5.626
2001-09-21,5.586
2001-09-24,5.563
2001-09-25,5.572
2001-09-26,5.5
2001-09-27,5.456
2001-09-28,5.415
2001-10-01,5.372
2001-10-02,5.328
2001-10-03,5.307
2001-10-04,5.303
2001-10-05,5.315
2001-10-08,5.315
2001-10-09,5.368
2001-10-10,5.353
2001-10-11,5.398
2001-10-12,5.422
2001-10-15,5.379
2001-10-16,5.347
2001-10-17,5.322
2001-10-18,5.311
2001-10-19,5.357
2001-10-22,5.353
2001-10-23,5.381
2001-10-24,5.317
2001-10-25,5.288
2001-10-26,5.269
2001-10-29,5.242
2001-10-30,5.211
2001-10-31,4.873
2001-11-01,4.797
2001-11-02,4.954
2001-11-05,4.861
2001-11-06,4.861
2001-11-07,4.801
2001-11-08,4.873
2001-11-09,4.875
2001-11-12,4.878
2001-11-13,4.909
2001-11-14,5.022
2001-11-15,5.199
2001-11-16,5.3
2001-11-19,5.203
2001-11-20,5.313
2001-11-21,5.351
2001-11-23,5.366
2001-11-26,5.372
2001-11-27,5.362
2001-11-28,5.362
2001-11-29,5.234
2001-11-30,5.265
2001-12-03,5.254
2001-12-04,5.211
2001-12-05,5.362
2001-12-06,5.461
2001-12-07,5.597
2001-12-10,5.582
2001-12-11,5.546
2001-12-12,5.452
2001-12-13,5.531
2001-12-14,5.568
2001-12-17,5.656
2001-12-18,5.526
2001-12-19,5.441
2001-12-20,5.441
2001-12-21,5.456
2001-12-24,5.489
2001-12-26,5.515
2001-12-27,5.487
2001-12-28,5.542
2001-12-31,5.478
2002-01-02,5.564
2002-01-03,5.544
2002-01-04,5.566
2002-01-07,5.489
2002-01-08,5.5
2002-01-09,5.5
2002-01-10,5.413
2002-01-11,5.36
2002-01-14,5.377
2002-01-15,5.336
2002-01-16,5.345
2002-01-17,5.405
2002-01-18,5.366
2002-01-22,5.368
2002-01-23,5.461
2002-01-24,5.461
2002-01-25,5.476
2002-01-28,5.47
2002-01-29,5.398
2002-01-30,5.407
2002-01-31,5.426
2002-02-01,5.398
2002-02-04,5.349
2002-02-05,5.371
2002-02-06,5.373
2002-02-07,5.418
2002-02-08,5.379
2002-02-11,5.401
2002-02-12,5.455
2002-02-13,5.461
2002-02-14,5.424
2002-02-15,5.366
2002-02-19,5.394
2002-02-20,5.394
2002-02-21,5.377
2002-02-22,5.341
2002-02-25,5.368
2002-02-26,5.418
2002-02-27,5.381
2002-02-28,5.409
2002-03-01,5.498
2002-03-04,5.505
2002-03-05,5.487
2002-03-06,5.527
2002-03-07,5.653
2002-03-08,5.721
2002-03-11,5.724
2002-03-12,5.719
2002-03-13,5.719
2002-03-14,5.822
2002-03-15,5.779
2002-03-18,5.735
2002-03-19,5.775
2002-03-20,5.829
2002-03-21,5.798
2002-03-22,5.805
2002-03-25,5.796
2002-03-26,5.749
2002-03-27,5.749
2002-03-28,5.815
2002-04-01,5.819
2002-04-02,5.761
2002-04-03,5.728
2002-04-04,5.71
2002-04-05,5.666
2002-04-08,5.698
2002-04-09,5.676
2002-04-10,5.689
2002-04-11,5.669
2002-04-12,5.648
2002-04-15,5.621
2002-04-16,5.653
2002-04-17,5.719
2002-04-18,5.715
2002-04-19,5.687
2002-04-22,5.669
2002-04-23,5.662
2002-04-24,5.605
2002-04-25,5.621
2002-04-26,5.585
2002-04-29,5.619
2002-04-30,5.594
2002-05-01,5.565
2002-05-02,5.59
2002-05-03,5.543
2002-05-06,5.548
2002-05-07,5.549
2002-05-08,5.664
2002-05-09,5.639
2002-05-10,5.605
2002-05-13,5.683
2002-05-14,5.754
2002-05-15,5.742
2002-05-16,5.696
2002-05-17,5.742
2002-05-20,5.694
2002-05-21,5.666
2002-05-22,5.628
2002-05-23,5.668
2002-05-24,5.669
2002-05-28,5.669
2002-05-29,5.628
2002-05-30,5.606
2002-05-31,5.612
2002-06-03,5.623
2002-06-04,5.614
2002-06-05,5.652
2002-06-06,5.624
2002-06-07,5.653
2002-06-10,5.615
2002-06-11,5.556
2002-06-12,5.531
2002-06-13,5.504
2002-06-14,5.412
2002-06-17,5.474
2002-06-18,5.466
2002-06-19,5.393
2002-06-20,5.458
2002-06-21,5.396
2002-06-24,5.462
2002-06-25,5.465
2002-06-26,5.411
2002-06-27,5.513
2002-06-28,5.517
2002-07-01,5.504
2002-07-02,5.453
2002-07-03,5.444
2002-07-05,5.53
2002-07-08,5.495
2002-07-09,5.429
2002-07-10,5.363
2002-07-11,5.352
2002-07-12,5.344
2002-07-15,5.377
2002-07-16,5.457
2002-07-17,5.423
2002-07-18,5.406
2002-07-19,5.352
2002-07-22,5.292
2002-07-23,5.281
2002-07-24,5.3
2002-07-25,5.294
2002-07-26,5.305
2002-07-29,5.403
2002-07-30,5.395
2002-07-31,5.305
2002-08-01,5.294
2002-08-02,5.204
2002-08-05,5.184
2002-08-06,5.252
2002-08-07,5.209
2002-08-08,5.239
2002-08-09,5.125
2002-08-12,5.067
2002-08-13,4.997
2002-08-14,4.883
2002-08-15,4.976
2002-08-16,5.093
2002-08-19,5.054
2002-08-20,4.978
2002-08-21,5.0
2002-08-22,5.083
2002-08-23,5.027
2002-08-26,5.006
2002-08-27,5.067
2002-08-28,5.009
2002-08-29,4.971
2002-08-30,4.937
2002-09-03,4.815
2002-09-04,4.784
2002-09-05,4.772
2002-09-06,4.871
2002-09-09,4.861
2002-09-10,4.83
2002-09-11,4.877
2002-09-12,4.816
2002-09-13,4.765
2002-09-16,4.739
2002-09-17,4.738
2002-09-18,4.745
2002-09-19,4.711
2002-09-20,4.739
2002-09-23,4.678
2002-09-24,4.635
2002-09-25,4.725
2002-09-26,4.728
2002-09-27,4.691
2002-09-30,4.662
2002-10-01,4.74
2002-10-02,4.726
2002-10-03,4.742
2002-10-04,4.734
2002-10-07,4.712
2002-10-08,4.713
2002-10-09,4.665
2002-10-10,4.709
2002-10-11,4.821
2002-10-14,4.826
2002-10-15,4.963
2002-10-16,5.004
2002-10-17,5.084
2002-10-18,5.08
2002-10-21,5.126
2002-10-22,5.153
2002-10-23,5.171
2002-10-24,5.114
2002-10-25,5.082
2002-10-28,5.11
2002-10-29,5.009
2002-10-30,5.026
2002-10-31,5.007
2002-11-01,5.019
2002-11-04,5.059
2002-11-05,5.088
2002-11-06,5.068
2002-11-07,4.895
2002-11-08,4.792
2002-11-11,4.792
2002-11-12,4.799
2002-11-13,4.789
2002-11-14,4.926
2002-11-15,4.922
2002-11-18,4.89
2002-11-19,4.857
2002-11-20,4.941
2002-11-21,5.005
2002-11-22,5.016
2002-11-25,5.025
2002-11-26,4.943
2002-11-27,5.11
2002-11-29,5.048
2002-12-02,5.041
2002-12-03,5.06
2002-12-04,5.019
2002-12-05,4.97
2002-12-06,4.982
2002-12-09,4.943
2002-12-10,4.915
2002-12-11,4.865
2002-12-12,4.872
2002-12-13,4.938
2002-12-16,5.007
2002-12-17,5.014
2002-12-18,4.977
2002-12-19,4.897
2002-12-20,4.886
2002-12-23,4.904
2002-12-24,4.868
2002-12-26,4.859
2002-12-27,4.784
2002-12-30,4.765
2002-12-31,4.783
2003-01-02,4.957
2003-01-03,4.954
2003-01-06,4.978
2003-01-07,4.961
2003-01-08,4.921
2003-01-09,5.061
2003-01-10,5.056
2003-01-13,5.028
2003-01-14,4.998
2003-01-15,4.977
2003-01-16,4.966
2003-01-17,4.925
2003-01-21,4.906
2003-01-22,4.864
2003-01-23,4.896
2003-01-24,4.841
2003-01-27,4.873
2003-01-28,4.876
2003-01-29,4.918
2003-01-30,4.877
2003-01-31,4.847
2003-02-03,4.84
2003-02-04,4.794
2003-02-05,4.861
2003-02-06,4.811
2003-02-07,4.797
2003-02-10,4.856
2003-02-11,4.859
2003-02-12,4.848
2003-02-13,4.814
2003-02-14,4.881
2003-02-18,4.868
2003-02-19,4.816
2003-02-20,4.797
2003-02-21,4.849
2003-02-24,4.813
2003-02-25,4.783
2003-02-26,4.743
2003-02-27,4.727
2003-02-28,4.676
2003-03-03,4.681
2003-03-04,4.673
2003-03-05,4.659
2003-03-06,4.687
2003-03-07,4.67
2003-03-10,4.653
2003-03-11,4.652
2003-03-12,4.617
2003-03-13,4.722
2003-03-14,4.71
2003-03-17,4.789
2003-03-18,4.854
2003-03-19,4.907
2003-03-20,4.959
2003-03-21,5.03
2003-03-24,4.931
2003-03-25,4.938
2003-03-26,4.934
2003-03-27,4.93
2003-03-28,4.913
2003-03-31,4.837
2003-04-01,4.843
2003-04-02,4.92
2003-04-03,4.938
2003-04-04,4.957
2003-04-07,4.997
2003-04-08,4.927
2003-04-09,4.908
2003-04-10,4.934
2003-04-11,4.95
2003-04-14,4.981
2003-04-15,4.939
2003-04-16,4.908
2003-04-17,4.891
2003-04-21,4.896
2003-04-22,4.897
2003-04-23,4.897
2003-04-24,4.825
2003-04-25,4.82
2003-04-28,4.816
2003-04-29,4.839
2003-04-30,4.778
2003-05-01,4.788
2003-05-02,4.826
2003-05-05,4.805
2003-05-06,4.763
2003-05-07,4.691
2003-05-08,4.672
2003-05-09,4.677
2003-05-12,4.65
2003-05-13,4.626
2003-05-14,4.52
2003-05-15,4.492
2003-05-16,4.443
2003-05-19,4.464
2003-05-20,4.364
2003-05-21,4.345
2003-05-22,4.295
2003-05-23,4.254
2003-05-27,4.362
2003-05-28,4.413
2003-05-29,4.351
2003-05-30,4.362
2003-06-02,4.43
2003-06-03,4.362
2003-06-04,4.351
2003-06-05,4.394
2003-06-06,4.385
2003-06-09,4.339
2003-06-10,4.258
2003-06-11,4.244
2003-06-12,4.22
2003-06-13,4.17
2003-06-16,4.221
2003-06-17,4.303
2003-06-18,4.389
2003-06-19,4.417
2003-06-20,4.459
2003-06-23,4.394
2003-06-24,4.344
2003-06-25,4.438
2003-06-26,4.562
2003-06-27,4.608
2003-06-30,4.566
2003-07-01,4.596
2003-07-02,4.578
2003-07-03,4.683
2003-07-07,4.728
2003-07-08,4.726
2003-07-09,4.711
2003-07-10,4.709
2003-07-11,4.684
2003-07-14,4.761
2003-07-15,4.925
2003-07-16,4.9
2003-07-17,4.904
2003-07-18,4.911
2003-07-21,5.078
2003-07-22,5.055
2003-07-23,5.038
2003-07-24,5.087
2003-07-25,5.118
2003-07-28,5.218
2003-07-29,5.302
2003-07-30,5.237
2003-07-31,5.41
2003-08-01,5.33
2003-08-04,5.288
2003-08-05,5.383
2003-08-06,5.249
2003-08-07,5.228
2003-08-08,5.248
2003-08-11,5.296
2003-08-12,5.293
2003-08-13,5.448
2003-08-14,5.425
2003-08-15,5.404
2003-08-18,5.361
2003-08-19,5.253
2003-08-20,5.288
2003-08-21,5.308
2003-08-22,5.242
2003-08-25,5.307
2003-08-26,5.277
2003-08-27,5.31
2003-08-28,5.221
2003-08-29,5.224
2003-09-02,5.336
2003-09-03,5.351
2003-09-04,5.32
2003-09-05,5.207
2003-09-08,5.236
2003-09-09,5.226
2003-09-10,5.16
2003-09-11,5.217
2003-09-12,5.175
2003-09-15,5.171
2003-09-16,5.216
2003-09-17,5.114
2003-09-18,5.1
2003-09-19,5.062
2003-09-22,5.141
2003-09-23,5.098
2003-09-24,5.031
2003-09-25,5.001
2003-09-26,4.951
2003-09-29,5.005
2003-09-30,4.884
2003-10-01,4.886
2003-10-02,4.938
2003-10-03,5.098
2003-10-06,5.056
2003-10-07,5.147
2003-10-08,5.167
2003-10-09,5.216
2003-10-10,5.174
2003-10-13,5.182
2003-10-14,5.257
2003-10-15,5.296
2003-10-16,5.308
2003-10-17,5.25
2003-10-20,5.229
2003-10-21,5.223
2003-10-22,5.158
2003-10-23,5.189
2003-10-24,5.102
2003-10-27,5.139
2003-10-28,5.089
2003-10-29,5.159
2003-10-30,5.198
2003-10-31,5.145
2003-11-03,5.183
2003-11-04,5.138
2003-11-05,5.18
2003-11-06,5.242
2003-11-07,5.261
2003-11-10,5.278
2003-11-11,5.278
2003-11-12,5.217
2003-11-13,5.107
2003-11-14,5.061
2003-11-17,5.037
2003-11-18,5.016
2003-11-19,5.08
2003-11-20,5.019
2003-11-21,5.001
2003-11-24,5.062
2003-11-25,5.031
2003-11-26,5.066
2003-11-28,5.126
2003-12-01,5.158
2003-12-02,5.147
2003-12-03,5.185
2003-12-04,5.157
2003-12-05,5.047
2003-12-08,5.116
2003-12-09,5.168
2003-12-10,5.151
2003-12-11,5.107
2003-12-12,5.088
2003-12-15,5.103
2003-12-16,5.079
2003-12-17,5.027
2003-12-18,4.964
2003-12-19,4.961
2003-12-22,4.987
2003-12-23,5.051
2003-12-24,4.986
2003-12-26,4.969
2003-12-29,5.035
2003-12-30,5.088
2003-12-31,5.068
2004-01-02,5.176
2004-01-05,5.175
2004-01-06,5.106
2004-01-07,5.084
2004-01-08,5.08
2004-01-09,4.967
2004-01-12,4.971
2004-01-13,4.94
2004-01-14,4.882
2004-01-15,4.861
2004-01-16,4.878
2004-01-20,4.926
2004-01-21,4.916
2004-01-22,4.855
2004-01-23,4.94
2004-01-26,4.991
2004-01-27,4.949
2004-01-28,5.018
2004-01-29,5.015
2004-01-30,4.965
2004-02-02,4.985
2004-02-03,4.956
2004-02-04,4.964
2004-02-05,4.987
2004-02-06,4.93
2004-02-09,4.909
2004-02-10,4.941
2004-02-11,4.897
2004-02-12,4.939
2004-02-13,4.922
2004-02-17,4.917
2004-02-18,4.915
2004-02-19,4.909
2004-02-20,4.953
2004-02-23,4.917
2004-02-24,4.899
2004-02-25,4.893
2004-02-26,4.921
2004-02-27,4.857
2004-03-01,4.858
2004-03-02,4.901
2004-03-03,4.909
2004-03-04,4.881
2004-03-05,4.745
2004-03-08,4.712
2004-03-09,4.672
2004-03-10,4.678
2004-03-11,4.69
2004-03-12,4.71
2004-03-15,4.711
2004-03-16,4.647
2004-03-17,4.645
2004-03-18,4.695
2004-03-19,4.719
2004-03-22,4.674
2004-03-23,4.667
2004-03-24,4.664
2004-03-25,4.689
2004-03-26,4.77
2004-03-29,4.813
2004-03-30,4.818
2004-03-31,4.777
2004-04-01,4.818
2004-04-02,4.972
2004-04-05,5.043
2004-04-06,5.016
2004-04-07,5.011
2004-04-08,5.035
2004-04-12,5.059
2004-04-13,5.148
2004-04-14,5.169
2004-04-15,5.205
2004-04-16,5.176
2004-04-19,5.203
2004-04-20,5.229
2004-04-21,5.231
2004-04-22,5.19
2004-04-23,5.247
2004-04-26,5.223
2004-04-27,5.21
2004-04-28,5.263
2004-04-29,5.312
2004-04-30,5.282
2004-05-03,5.281
2004-05-04,5.33
2004-05-05,5.348
2004-05-06,5.375
2004-05-07,5.464
2004-05-10,5.476
2004-05-11,5.467
2004-05-12,5.51
2004-05-13,5.558
2004-05-14,5.503
2004-05-17,5.437
2004-05-18,5.453
2004-05-19,5.499
2004-05-20,5.43
2004-05-21,5.46
2004-05-24,5.436
2004-05-25,5.411
2004-05-26,5.376
2004-05-27,5.312
2004-05-28,5.348
2004-06-01,5.397
2004-06-02,5.416
2004-06-03,5.41
2004-06-04,5.464
2004-06-07,5.459
2004-06-08,5.452
2004-06-09,5.486
2004-06-10,5.465
2004-06-14,5.529
2004-06-15,5.373
2004-06-16,5.41
2004-06-17,5.361
2004-06-18,5.378
2004-06-21,5.374
2004-06-22,5.392
2004-06-23,5.383
2004-06-24,5.338
2004-06-25,5.335
2004-06-28,5.414
2004-06-29,5.372
2004-06-30,5.313
2004-07-01,5.291
2004-07-02,5.207
2004-07-06,5.225
2004-07-07,5.222
2004-07-08,5.224
2004-07-09,5.216
2004-07-12,5.196
2004-07-13,5.224
2004-07-14,5.218
2004-07-15,5.218
2004-07-16,5.123
2004-07-19,5.117
2004-07-20,5.184
2004-07-21,5.208
2004-07-22,5.193
2004-07-23,5.171
2004-07-26,5.199
2004-07-27,5.307
2004-07-28,5.307
2004-07-29,5.298
2004-07-30,5.205
2004-08-02,5.191
2004-08-03,5.163
2004-08-04,5.171
2004-08-05,5.15
2004-08-06,5.039
2004-08-09,5.045
2004-08-10,5.066
2004-08-11,5.056
2004-08-12,5.048
2004-08-13,5.007
2004-08-16,5.048
2004-08-17,5.014
2004-08-18,5.032
2004-08-19,5.023
2004-08-20,5.029
2004-08-23,5.07
2004-08-24,5.07
2004-08-25,5.05
2004-08-26,5.021
2004-08-27,5.018
2004-08-30,4.989
2004-08-31,4.938
2004-09-01,4.934
2004-09-02,4.985
2004-09-03,5.061
2004-09-07,5.012
2004-09-08,4.954
2004-09-09,4.988
2004-09-10,4.971
2004-09-13,4.943
2004-09-14,4.933
2004-09-15,4.963
2004-09-16,4.876
2004-09-17,4.917
2004-09-20,4.865
2004-09-21,4.84
2004-09-22,4.777
2004-09-23,4.8
2004-09-24,4.8
2004-09-27,4.772
2004-09-28,4.801
2004-09-29,4.861
2004-09-30,4.891
2004-10-01,4.949
2004-10-04,4.933
2004-10-05,4.928
2004-10-06,4.97
2004-10-07,4.998
2004-10-08,4.902
2004-10-11,4.906
2004-10-12,4.88
2004-10-13,4.871
2004-10-14,4.825
2004-10-15,4.849
2004-10-18,4.842
2004-10-19,4.82
2004-10-20,4.781
2004-10-21,4.768
2004-10-22,4.761
2004-10-25,4.754
2004-10-26,4.762
2004-10-27,4.846
2004-10-28,4.839
2004-10-29,4.794
2004-11-01,4.847
2004-11-02,4.837
2004-11-03,4.824
2004-11-04,4.812
2004-11-05,4.909
2004-11-08,4.93
2004-11-09,4.939
2004-11-10,4.976
2004-11-11,4.965
2004-11-12,4.912
2004-11-15,4.898
2004-11-16,4.902
2004-11-17,4.841
2004-11-18,4.815
2004-11-19,4.875
2004-11-22,4.826
2004-11-23,4.838
2004-11-24,4.84
2004-11-26,4.884
2004-11-29,4.975
2004-11-30,5.012
2004-12-01,5.027
2004-12-02,5.048
2004-12-03,4.942
2004-12-06,4.909
2004-12-07,4.892
2004-12-08,4.78
2004-12-09,4.831
2004-12-10,4.822
2004-12-13,4.807
2004-12-14,4.777
2004-12-15,4.708
2004-12-16,4.824
2004-12-17,4.838
2004-12-20,4.824
2004-12-21,4.797
2004-12-22,4.829
2004-12-23,4.84
2004-12-27,4.918
2004-12-28,4.917
2004-12-29,4.937
2004-12-30,4.88
2004-12-31,4.822
2005-01-03,4.817
2005-01-04,4.879
2005-01-05,4.847
2005-01-06,4.854
2005-01-07,4.853
2005-01-10,4.827
2005-01-11,4.784
2005-01-12,4.771
2005-01-13,4.716
2005-01-14,4.734
2005-01-18,4.689
2005-01-19,4.669
2005-01-20,4.654
2005-01-21,4.647
2005-01-24,4.606
2005-01-25,4.675
2005-01-26,4.663
2005-01-27,4.672
2005-01-28,4.61
2005-01-31,4.59
2005-02-01,4.592
2005-02-02,4.581
2005-02-03,4.578
2005-02-04,4.478
2005-02-07,4.424
2005-02-08,4.392
2005-02-09,4.365
2005-02-10,4.465
2005-02-11,4.487
2005-02-14,4.448
2005-02-15,4.481
2005-02-16,4.522
2005-02-17,4.573
2005-02-18,4.644
2005-02-22,4.684
2005-02-23,4.661
2005-02-24,4.663
2005-02-25,4.642
2005-02-28,4.706
2005-03-01,4.721
2005-03-02,4.737
2005-03-03,4.737
2005-03-04,4.65
2005-03-07,4.618
2005-03-08,4.69
2005-03-09,4.82
2005-03-10,4.756
2005-03-11,4.809
2005-03-14,4.781
2005-03-15,4.813
2005-03-16,4.792
2005-03-17,4.76
2005-03-18,4.811
2005-03-21,4.826
2005-03-22,4.891
2005-03-23,4.863
2005-03-24,4.844
2005-03-28,4.878
2005-03-29,4.852
2005-03-30,4.807
2005-03-31,4.766
2005-04-01,4.729
2005-04-04,4.73
2005-04-05,4.753
2005-04-06,4.742
2005-04-07,4.785
2005-04-08,4.775
2005-04-11,4.733
2005-04-12,4.657
2005-04-13,4.687
2005-04-14,4.716
2005-04-15,4.627
2005-04-18,4.587
2005-04-19,4.541
2005-04-20,4.571
2005-04-21,4.638
2005-04-22,4.58
2005-04-25,4.556
2005-04-26,4.567
2005-04-27,4.553
2005-04-28,4.505
2005-04-29,4.519
2005-05-02,4.516
2005-05-03,4.503
2005-05-04,4.585
2005-05-05,4.585
2005-05-06,4.634
2005-05-09,4.614
2005-05-10,4.578
2005-05-11,4.549
2005-05-12,4.531
2005-05-13,4.484
2005-05-16,4.49
2005-05-17,4.473
2005-05-18,4.43
2005-05-19,4.443
2005-05-20,4.438
2005-05-23,4.387
2005-05-24,4.366
2005-05-25,4.413
2005-05-26,4.431
2005-05-27,4.43
2005-05-31,4.347
2005-06-01,4.263
2005-06-02,4.229
2005-06-03,4.281
2005-06-06,4.249
2005-06-07,4.195
2005-06-08,4.225
2005-06-09,4.246
2005-06-10,4.299
2005-06-13,4.368
2005-06-14,4.429
2005-06-15,4.422
2005-06-16,4.371
2005-06-17,4.365
2005-06-20,4.384
2005-06-21,4.333
2005-06-22,4.251
2005-06-23,4.257
2005-06-24,4.215
2005-06-27,4.189
2005-06-28,4.24
2005-06-29,4.265
2005-06-30,4.219
2005-07-01,4.298
2005-07-05,4.362
2005-07-06,4.33
2005-07-07,4.302
2005-07-08,4.361
2005-07-11,4.342
2005-07-12,4.383
2005-07-13,4.398
2005-07-14,4.417
2005-07-15,4.405
2005-07-18,4.467
2005-07-19,4.433
2005-07-20,4.392
2005-07-21,4.498
2005-07-22,4.442
2005-07-25,4.465
2005-07-26,4.459
2005-07-27,4.474
2005-07-28,4.401
2005-07-29,4.474
2005-08-01,4.51
2005-08-02,4.54
2005-08-03,4.505
2005-08-04,4.522
2005-08-05,4.582
2005-08-08,4.596
2005-08-09,4.574
2005-08-10,4.58
2005-08-11,4.527
2005-08-12,4.441
2005-08-15,4.473
2005-08-16,4.433
2005-08-17,4.475
2005-08-18,4.427
2005-08-19,4.421
2005-08-22,4.426
2005-08-23,4.405
2005-08-24,4.398
2005-08-25,4.365
2005-08-26,4.381
2005-08-29,4.364
2005-08-30,4.307
2005-08-31,4.261
2005-09-01,4.289
2005-09-02,4.292
2005-09-06,4.354
2005-09-07,4.419
2005-09-08,4.422
2005-09-09,4.402
2005-09-12,4.444
2005-09-13,4.422
2005-09-14,4.453
2005-09-15,4.511
2005-09-16,4.555
2005-09-19,4.543
2005-09-20,4.519
2005-09-21,4.47
2005-09-22,4.461
2005-09-23,4.509
2005-09-26,4.558
2005-09-27,4.564
2005-09-28,4.501
2005-09-29,4.539
2005-09-30,4.568
2005-10-03,4.621
2005-10-04,4.603
2005-10-05,4.58
2005-10-06,4.587
2005-10-07,4.569
2005-10-11,4.59
2005-10-12,4.656
2005-10-13,4.705
2005-10-14,4.712
2005-10-17,4.707
2005-10-18,4.7
2005-10-19,4.689
2005-10-20,4.68
2005-10-21,4.609
2005-10-24,4.66
2005-10-25,4.713
2005-10-26,4.796
2005-10-27,4.77
2005-10-28,4.774
2005-10-31,4.755
2005-11-01,4.769
2005-11-02,4.801
2005-11-03,4.837
2005-11-04,4.852
2005-11-07,4.828
2005-11-08,4.759
2005-11-09,4.826
2005-11-10,4.746
2005-11-14,4.796
2005-11-15,4.741
2005-11-16,4.674
2005-11-17,4.646
2005-11-18,4.692
2005-11-21,4.658
2005-11-22,4.655
2005-11-23,4.707
2005-11-25,4.664
2005-11-28,4.627
2005-11-29,4.69
2005-11-30,4.703
2005-12-01,4.726
2005-12-02,4.717
2005-12-05,4.763
2005-12-06,4.694
2005-12-07,4.719
2005-12-08,4.672
2005-12-09,4.736
2005-12-12,4.74
2005-12-13,4.737
2005-12-14,4.657
2005-12-15,4.675
2005-12-16,4.65
2005-12-19,4.641
2005-12-20,4.658
2005-12-21,4.67
2005-12-22,4.612
2005-12-23,4.551
2005-12-27,4.505
2005-12-28,4.539
2005-12-29,4.53
2005-12-30,4.547
2006-01-03,4.555
2006-01-04,4.544
2006-01-05,4.547
2006-01-06,4.565
2006-01-09,4.565
2006-01-10,4.607
2006-01-11,4.639
2006-01-12,4.591
2006-01-13,4.525
2006-01-17,4.511
2006-01-18,4.519
2006-01-19,4.549
2006-01-20,4.531
2006-01-23,4.532
2006-01-24,4.57
2006-01-25,4.655
2006-01-26,4.703
2006-01-27,4.68
2006-01-30,4.708
2006-01-31,4.685
2006-02-01,4.71
2006-02-02,4.695
2006-02-03,4.638
2006-02-06,4.622
2006-02-07,4.656
2006-02-08,4.681
2006-02-09,4.643
2006-02-10,4.547
2006-02-13,4.559
2006-02-14,4.595
2006-02-15,4.575
2006-02-16,4.577
2006-02-17,4.509
2006-02-21,4.527
2006-02-22,4.484
2006-02-23,4.512
2006-02-24,4.515
2006-02-27,4.545
2006-02-28,4.503
2006-03-01,4.561
2006-03-02,4.616
2006-03-03,4.66
2006-03-06,4.723
2006-03-07,4.722
2006-03-08,4.723
2006-03-09,4.717
2006-03-10,4.742
2006-03-13,4.768
2006-03-14,4.703
2006-03-15,4.752
2006-03-16,4.693
2006-03-17,4.717
2006-03-20,4.7
2006-03-21,4.741
2006-03-22,4.726
2006-03-23,4.755
2006-03-24,4.695
2006-03-27,4.727
2006-03-28,4.793
2006-03-29,4.842
2006-03-30,4.892
2006-03-31,4.893
2006-04-03,4.903
2006-04-04,4.913
2006-04-05,4.893
2006-04-06,4.96
2006-04-07,5.038
2006-04-10,5.036
2006-04-11,5.003
2006-04-12,5.051
2006-04-13,5.107
2006-04-17,5.078
2006-04-18,5.064
2006-04-19,5.129
2006-04-20,5.137
2006-04-21,5.099
2006-04-24,5.064
2006-04-25,5.154
2006-04-26,5.178
2006-04-27,5.182
2006-04-28,5.169
2006-05-01,5.227
2006-05-02,5.2
2006-05-03,5.236
2006-05-04,5.235
2006-05-05,5.195
2006-05-08,5.186
2006-05-09,5.198
2006-05-10,5.188
2006-05-11,5.227
2006-05-12,5.298
2006-05-15,5.265
2006-05-16,5.218
2006-05-17,5.274
2006-05-18,5.18
2006-05-19,5.137
2006-05-22,5.131
2006-05-23,5.154
2006-05-24,5.13
2006-05-25,5.172
2006-05-26,5.157
2006-05-30,5.189
2006-05-31,5.207
2006-06-01,5.201
2006-06-02,5.094
2006-06-05,5.117
2006-06-06,5.08
2006-06-07,5.096
2006-06-08,5.058
2006-06-09,5.033
2006-06-12,5.032
2006-06-13,5.01
2006-06-14,5.085
2006-06-15,5.135
2006-06-16,5.172
2006-06-19,5.183
2006-06-20,5.196
2006-06-21,5.194
2006-06-22,5.232
2006-06-23,5.257
2006-06-26,5.272
2006-06-27,5.239
2006-06-28,5.279
2006-06-29,5.251
2006-06-30,5.186
2006-07-03,5.201
2006-07-05,5.271
2006-07-06,5.226
2006-07-07,5.174
2006-07-10,5.17
2006-07-11,5.141
2006-07-12,5.135
2006-07-13,5.115
2006-07-14,5.111
2006-07-17,5.104
2006-07-18,5.162
2006-07-19,5.103
2006-07-20,5.082
2006-07-21,5.103
2006-07-24,5.103
2006-07-25,5.125
2006-07-26,5.1
2006-07-27,5.111
2006-07-28,5.067
2006-07-31,5.07
2006-08-01,5.069
2006-08-02,5.051
2006-08-03,5.035
2006-08-04,4.992
2006-08-07,5.003
2006-08-08,5.023
2006-08-09,5.047
2006-08-10,5.065
2006-08-11,5.092
2006-08-14,5.118
2006-08-15,5.047
2006-08-16,5.001
2006-08-17,4.999
2006-08-18,4.973
2006-08-21,4.964
2006-08-22,4.95
2006-08-23,4.953
2006-08-24,4.939
2006-08-25,4.932
2006-08-28,4.934
2006-08-29,4.93
2006-08-30,4.912
2006-08-31,4.878
2006-09-01,4.873
2006-09-05,4.932
2006-09-06,4.952
2006-09-07,4.939
2006-09-08,4.916
2006-09-11,4.94
2006-09-12,4.905
2006-09-13,4.899
2006-09-14,4.919
2006-09-15,4.919
2006-09-18,4.927
2006-09-19,4.859
2006-09-20,4.849
2006-09-21,4.784
2006-09-22,4.738
2006-09-25,4.696
2006-09-26,4.712
2006-09-27,4.733
2006-09-28,4.767
2006-09-29,4.767
2006-10-02,4.761
2006-10-03,4.753
2006-10-04,4.721
2006-10-05,4.761
2006-10-06,4.837
2006-10-09,4.836
2006-10-10,4.879
2006-10-11,4.913
2006-10-12,4.911
2006-10-13,4.938
2006-10-16,4.919
2006-10-17,4.911
2006-10-18,4.892
2006-10-19,4.91
2006-10-20,4.904
2006-10-23,4.952
2006-10-24,4.942
2006-10-25,4.897
2006-10-26,4.841
2006-10-27,4.796
2006-10-30,4.786
2006-10-31,4.719
2006-11-01,4.677
2006-11-02,4.714
2006-11-03,4.811
2006-11-06,4.795
2006-11-07,4.756
2006-11-08,4.73
2006-11-09,4.733
2006-11-10,4.692
2006-11-13,4.704
2006-11-14,4.66
2006-11-15,4.695
2006-11-16,4.733
2006-11-17,4.691
2006-11-20,4.677
2006-11-21,4.658
2006-11-22,4.651
2006-11-24,4.629
2006-11-27,4.618
2006-11-28,4.596
2006-11-29,4.612
2006-11-30,4.561
2006-12-01,4.541
2006-12-04,4.548
2006-12-05,4.568
2006-12-06,4.599
2006-12-07,4.602
2006-12-08,4.661
2006-12-11,4.628
2006-12-12,4.609
2006-12-13,4.69
2006-12-14,4.716
2006-12-15,4.718
2006-12-18,4.711
2006-12-19,4.728
2006-12-20,4.725
2006-12-21,4.691
2006-12-22,4.763
2006-12-26,4.733
2006-12-27,4.783
2006-12-28,4.813
2006-12-29,4.818
2007-01-03,4.767
2007-01-04,4.724
2007-01-05,4.743
2007-01-08,4.74
2007-01-09,4.738
2007-01-10,4.77
2007-01-11,4.822
2007-01-12,4.861
2007-01-16,4.844
2007-01-17,4.881
2007-01-18,4.846
2007-01-19,4.86
2007-01-22,4.847
2007-01-23,4.897
2007-01-24,4.91
2007-01-25,4.962
2007-01-26,4.98
2007-01-29,4.982
2007-01-30,4.982
2007-01-31,4.926
2007-02-01,4.933
2007-02-02,4.926
2007-02-05,4.91
2007-02-06,4.87
2007-02-07,4.852
2007-02-08,4.837
2007-02-09,4.865
2007-02-12,4.886
2007-02-13,4.901
2007-02-14,4.826
2007-02-15,4.804
2007-02-16,4.788
2007-02-20,4.78
2007-02-21,4.789
2007-02-22,4.83
2007-02-23,4.782
2007-02-26,4.733
2007-02-27,4.63
2007-02-28,4.669
2007-03-01,4.679
2007-03-02,4.65
2007-03-05,4.654
2007-03-06,4.655
2007-03-07,4.636
2007-03-08,4.65
2007-03-09,4.723
2007-03-12,4.692
2007-03-13,4.658
2007-03-14,4.694
2007-03-15,4.692
2007-03-16,4.695
2007-03-19,4.717
2007-03-20,4.707
2007-03-21,4.696
2007-03-22,4.782
2007-03-23,4.799
2007-03-26,4.783
2007-03-27,4.809
2007-03-28,4.831
2007-03-29,4.829
2007-03-30,4.848
2007-04-02,4.836
2007-04-03,4.846
2007-04-04,4.845
2007-04-05,4.868
2007-04-09,4.916
2007-04-10,4.906
2007-04-11,4.915
2007-04-12,4.91
2007-04-13,4.926
2007-04-16,4.89
2007-04-17,4.847
2007-04-18,4.819
2007-04-19,4.836
2007-04-20,4.845
2007-04-23,4.828
2007-04-24,4.804
2007-04-25,4.83
2007-04-26,4.868
2007-04-27,4.885
2007-04-30,4.817
2007-05-01,4.816
2007-05-02,4.819
2007-05-03,4.837
2007-05-04,4.804
2007-05-07,4.794
2007-05-08,4.802
2007-05-09,4.838
2007-05-10,4.829
2007-05-11,4.849
2007-05-14,4.86
2007-05-15,4.884
2007-05-16,4.874
2007-05-17,4.913
2007-05-18,4.957
2007-05-21,4.941
2007-05-22,4.983
2007-05-23,5.014
2007-05-24,5.008
2007-05-25,5.008
2007-05-29,5.014
2007-05-30,5.01
2007-05-31,5.011
2007-06-01,5.062
2007-06-04,5.022
2007-06-05,5.067
2007-06-06,5.084
2007-06-07,5.203
2007-06-08,5.22
2007-06-11,5.24
2007-06-12,5.356
2007-06-13,5.276
2007-06-14,5.292
2007-06-15,5.263
2007-06-18,5.252
2007-06-19,5.198
2007-06-20,5.234
2007-06-21,5.284
2007-06-22,5.257
2007-06-25,5.195
2007-06-26,5.221
2007-06-27,5.189
2007-06-28,5.221
2007-06-29,5.126
2007-07-02,5.1
2007-07-03,5.15
2007-07-05,5.237
2007-07-06,5.282
2007-07-09,5.246
2007-07-10,5.132
2007-07-11,5.183
2007-07-12,5.211
2007-07-13,5.194
2007-07-16,5.126
2007-07-17,5.161
2007-07-18,5.101
2007-07-19,5.118
2007-07-20,5.064
2007-07-23,5.067
2007-07-24,5.062
2007-07-25,5.026
2007-07-26,4.947
2007-07-27,4.952
2007-07-30,4.959
2007-07-31,4.922
2007-08-01,4.909
2007-08-02,4.899
2007-08-03,4.867
2007-08-06,4.907
2007-08-07,4.903
2007-08-08,5.023
2007-08-09,5.029
2007-08-10,5.005
2007-08-13,5.008
2007-08-14,4.987
2007-08-15,5.009
2007-08-16,4.925
2007-08-17,5.0
2007-08-20,4.97
2007-08-21,4.943
2007-08-22,4.954
2007-08-23,4.923
2007-08-24,4.897
2007-08-27,4.863
2007-08-28,4.862
2007-08-29,4.879
2007-08-30,4.825
2007-08-31,4.831
2007-09-04,4.839
2007-09-05,4.78
2007-09-06,4.79
2007-09-07,4.693
2007-09-10,4.641
2007-09-11,4.648
2007-09-12,4.687
2007-09-13,4.743
2007-09-14,4.724
2007-09-17,4.714
2007-09-18,4.76
2007-09-19,4.824
2007-09-20,4.944
2007-09-21,4.891
2007-09-24,4.877
2007-09-25,4.886
2007-09-26,4.893
2007-09-27,4.837
2007-09-28,4.833
2007-10-01,4.798
2007-10-02,4.778
2007-10-03,4.787
2007-10-04,4.767
2007-10-05,4.871
2007-10-08,4.861
2007-10-09,4.864
2007-10-10,4.863
2007-10-11,4.883
2007-10-12,4.905
2007-10-15,4.907
2007-10-16,4.912
2007-10-17,4.809
2007-10-18,4.779
2007-10-19,4.689
2007-10-22,4.672
2007-10-23,4.692
2007-10-24,4.641
2007-10-25,4.655
2007-10-26,4.683
2007-10-29,4.663
2007-10-30,4.673
2007-10-31,4.751
2007-11-01,4.646
2007-11-02,4.595
2007-11-05,4.616
2007-11-06,4.652
2007-11-07,4.668
2007-11-08,4.662
2007-11-09,4.602
2007-11-12,4.594
2007-11-13,4.605
2007-11-14,4.604
2007-11-15,4.534
2007-11-16,4.523
2007-11-19,4.478
2007-11-20,4.484
2007-11-21,4.467
2007-11-23,4.438
2007-11-26,4.28
2007-11-27,4.355
2007-11-28,4.407
2007-11-29,4.349
2007-11-30,4.403
2007-12-03,4.354
2007-12-04,4.346
2007-12-05,4.391
2007-12-06,4.479
2007-12-07,4.585
2007-12-10,4.615
2007-12-11,4.482
2007-12-12,4.531
2007-12-13,4.611
2007-12-14,4.658
2007-12-17,4.624
2007-12-18,4.543
2007-12-19,4.494
2007-12-20,4.448
2007-12-21,4.575
2007-12-24,4.618
2007-12-26,4.686
2007-12-27,4.614
2007-12-28,4.514
2007-12-31,4.459
2008-01-02,4.352
2008-01-03,4.369
2008-01-04,4.359
2008-01-07,4.336
2008-01-08,4.355
2008-01-09,4.321
2008-01-10,4.444
2008-01-11,4.394
2008-01-14,4.373
2008-01-15,4.292
2008-01-16,4.32
2008-01-17,4.253
2008-01-18,4.297
2008-01-22,4.227
2008-01-23,4.175
2008-01-24,4.353
2008-01-25,4.282
2008-01-28,4.282
2008-01-29,4.336
2008-01-30,4.433
2008-01-31,4.354
2008-02-01,4.318
2008-02-04,4.374
2008-02-05,4.342
2008-02-06,4.374
2008-02-07,4.5
2008-02-08,4.439
2008-02-11,4.405
2008-02-12,4.464
2008-02-13,4.512
2008-02-14,4.653
2008-02-15,4.595
2008-02-19,4.655
2008-02-20,4.644
2008-02-21,4.553
2008-02-22,4.582
2008-02-25,4.664
2008-02-26,4.657
2008-02-27,4.651
2008-02-28,4.555
2008-02-29,4.421
2008-03-03,4.425
2008-03-04,4.484
2008-03-05,4.605
2008-03-06,4.579
2008-03-07,4.541
2008-03-10,4.448
2008-03-11,4.53
2008-03-12,4.41
2008-03-13,4.454
2008-03-14,4.348
2008-03-17,4.282
2008-03-18,4.329
2008-03-19,4.222
2008-03-20,4.165
2008-03-24,4.312
2008-03-25,4.299
2008-03-26,4.33
2008-03-27,4.376
2008-03-28,4.345
2008-03-31,4.306
2008-04-01,4.382
2008-04-02,4.387
2008-04-03,4.387
2008-04-04,4.318
2008-04-07,4.369
2008-04-08,4.383
2008-04-09,4.306
2008-04-10,4.342
2008-04-11,4.302
2008-04-14,4.341
2008-04-15,4.405
2008-04-16,4.525
2008-04-17,4.524
2008-04-18,4.517
2008-04-21,4.476
2008-04-22,4.475
2008-04-23,4.485
2008-04-24,4.544
2008-04-25,4.589
2008-04-28,4.565
2008-04-29,4.559
2008-04-30,4.497
2008-05-01,4.484
2008-05-02,4.565
2008-05-05,4.581
2008-05-06,4.642
2008-05-07,4.622
2008-05-08,4.564
2008-05-09,4.524
2008-05-12,4.522
2008-05-13,4.619
2008-05-14,4.637
2008-05-15,4.576
2008-05-16,4.579
2008-05-19,4.575
2008-05-20,4.532
2008-05-21,4.558
2008-05-22,4.629
2008-05-23,4.557
2008-05-27,4.645
2008-05-28,4.697
2008-05-29,4.765
2008-05-30,4.707
2008-06-02,4.679
2008-06-03,4.622
2008-06-04,4.685
2008-06-05,4.73
2008-06-06,4.65
2008-06-09,4.621
2008-06-10,4.701
2008-06-11,4.702
2008-06-12,4.764
2008-06-13,4.802
2008-06-16,4.78
2008-06-17,4.79
2008-06-18,4.73
2008-06-19,4.751
2008-06-20,4.702
2008-06-23,4.71
2008-06-24,4.658
2008-06-25,4.657
2008-06-26,4.603
2008-06-27,4.537
2008-06-30,4.531
2008-07-01,4.544
2008-07-02,4.503
2008-07-03,4.531
2008-07-07,4.504
2008-07-08,4.456
2008-07-09,4.428
2008-07-10,4.421
2008-07-11,4.517
2008-07-14,4.469
2008-07-15,4.474
2008-07-16,4.582
2008-07-17,4.638
2008-07-18,4.662
2008-07-21,4.648
2008-07-22,4.663
2008-07-23,4.7
2008-07-24,4.611
2008-07-25,4.696
2008-07-28,4.614
2008-07-29,4.622
2008-07-30,4.638
2008-07-31,4.603
2008-08-01,4.569
2008-08-04,4.589
2008-08-05,4.629
2008-08-06,4.69
2008-08-07,4.564
2008-08-08,4.555
2008-08-11,4.611
2008-08-12,4.552
2008-08-13,4.576
2008-08-14,4.519
2008-08-15,4.473
2008-08-18,4.441
2008-08-19,4.469
2008-08-20,4.443
2008-08-21,4.465
2008-08-22,4.463
2008-08-25,4.403
2008-08-26,4.395
2008-08-27,4.383
2008-08-28,4.389
2008-08-29,4.412
2008-09-02,4.362
2008-09-03,4.318
2008-09-04,4.281
2008-09-05,4.276
2008-09-08,4.269
2008-09-09,4.192
2008-09-10,4.225
2008-09-11,4.214
2008-09-12,4.326
2008-09-15,4.152
2008-09-16,4.095
2008-09-17,4.081
2008-09-18,4.113
2008-09-19,4.366
2008-09-22,4.407
2008-09-23,4.434
2008-09-24,4.378
2008-09-25,4.414
2008-09-26,4.357
2008-09-29,4.161
2008-09-30,4.305
2008-10-01,4.248
2008-10-02,4.154
2008-10-03,4.123
2008-10-06,3.942
2008-10-07,4.027
2008-10-08,4.063
2008-10-09,4.12
2008-10-10,4.137
2008-10-13,4.137
2008-10-14,4.26
2008-10-15,4.248
2008-10-16,4.227
2008-10-17,4.312
2008-10-20,4.284
2008-10-21,4.194
2008-10-22,4.088
2008-10-23,3.969
2008-10-24,4.087
2008-10-27,4.105
2008-10-28,4.172
2008-10-29,4.238
2008-10-30,4.284
2008-10-31,4.369
2008-11-03,4.321
2008-11-04,4.222
2008-11-05,4.154
2008-11-06,4.2
2008-11-07,4.261
2008-11-10,4.214
2008-11-11,4.208
2008-11-12,4.19
2008-11-13,4.333
2008-11-14,4.23
2008-11-17,4.206
2008-11-18,4.144
2008-11-19,3.972
2008-11-20,3.699
2008-11-21,3.663
2008-11-24,3.755
2008-11-25,3.632
2008-11-26,3.563
2008-11-28,3.487
2008-12-01,3.236
2008-12-02,3.202
2008-12-03,3.184
2008-12-04,3.084
2008-12-05,3.11
2008-12-08,3.152
2008-12-09,3.075
2008-12-10,3.095
2008-12-11,3.089
2008-12-12,3.064
2008-12-15,3.001
2008-12-16,2.874
2008-12-17,2.665
2008-12-18,2.546
2008-12-19,2.562
2008-12-22,2.598
2008-12-23,2.633
2008-12-24,2.634
2008-12-26,2.613
2008-12-29,2.625
2008-12-30,2.583
2008-12-31,2.691
2009-01-02,2.815
2009-01-05,3.04
2009-01-06,3.069
2009-01-07,3.066
2009-01-08,3.045
2009-01-09,3.055
2009-01-12,2.99
2009-01-13,3.017
2009-01-14,2.895
2009-01-15,2.864
2009-01-16,2.894
2009-01-20,2.947
2009-01-21,3.138
2009-01-22,3.25
2009-01-23,3.332
2009-01-26,3.383
2009-01-27,3.234
2009-01-28,3.434
2009-01-29,3.559
2009-01-30,3.603
2009-02-02,3.47
2009-02-03,3.623
2009-02-04,3.673
2009-02-05,3.634
2009-02-06,3.683
2009-02-09,3.706
2009-02-10,3.53
2009-02-11,3.452
2009-02-12,3.462
2009-02-13,3.682
2009-02-17,3.486
2009-02-18,3.525
2009-02-19,3.688
2009-02-20,3.565
2009-02-23,3.525
2009-02-24,3.494
2009-02-25,3.601
2009-02-26,3.646
2009-02-27,3.722
2009-03-02,3.649
2009-03-03,3.676
2009-03-04,3.698
2009-03-05,3.505
2009-03-06,3.503
2009-03-09,3.593
2009-03-10,3.707
2009-03-11,3.657
2009-03-12,3.635
2009-03-13,3.672
2009-03-16,3.765
2009-03-17,3.804
2009-03-18,3.572
2009-03-19,3.612
2009-03-20,3.654
2009-03-23,3.693
2009-03-24,3.606
2009-03-25,3.717
2009-03-26,3.651
2009-03-27,3.618
2009-03-30,3.602
2009-03-31,3.561
2009-04-01,3.494
2009-04-02,3.577
2009-04-03,3.721
2009-04-06,3.758
2009-04-07,3.729
2009-04-08,3.659
2009-04-09,3.756
2009-04-13,3.687
2009-04-14,3.657
2009-04-15,3.647
2009-04-16,3.712
2009-04-17,3.785
2009-04-20,3.687
2009-04-21,3.746
2009-04-22,3.834
2009-04-23,3.797
2009-04-24,3.876
2009-04-27,3.838
2009-04-28,3.955
2009-04-29,4.026
2009-04-30,4.044
2009-05-01,4.088
2009-05-04,4.065
2009-05-05,4.053
2009-05-06,4.082
2009-05-07,4.261
2009-05-08,4.274
2009-05-11,4.18
2009-05-12,4.157
2009-05-13,4.085
2009-05-14,4.066
2009-05-15,4.083
2009-05-18,4.176
2009-05-19,4.207
2009-05-20,4.16
2009-05-21,4.313
2009-05-22,4.392
2009-05-26,4.446
2009-05-27,4.606
2009-05-28,4.53
2009-05-29,4.338
2009-06-01,4.575
2009-06-02,4.489
2009-06-03,4.445
2009-06-04,4.595
2009-06-05,4.656
2009-06-08,4.635
2009-06-09,4.653
2009-06-10,4.749
2009-06-11,4.692
2009-06-12,4.633
2009-06-15,4.555
2009-06-16,4.503
2009-06-17,4.465
2009-06-18,4.624
2009-06-19,4.522
2009-06-22,4.429
2009-06-23,4.373
2009-06-24,4.425
2009-06-25,4.329
2009-06-26,4.303
2009-06-29,4.307
2009-06-30,4.311
2009-07-01,4.347
2009-07-02,4.317
2009-07-06,4.351
2009-07-07,4.308
2009-07-08,4.164
2009-07-09,4.318
2009-07-10,4.201
2009-07-13,4.233
2009-07-14,4.349
2009-07-15,4.487
2009-07-16,4.446
2009-07-17,4.529
2009-07-20,4.466
2009-07-21,4.373
2009-07-22,4.468
2009-07-23,4.599
2009-07-24,4.555
2009-07-27,4.613
2009-07-28,4.559
2009-07-29,4.503
2009-07-30,4.45
2009-07-31,4.311
2009-08-03,4.422
2009-08-04,4.464
2009-08-05,4.561
2009-08-06,4.517
2009-08-07,4.603
2009-08-10,4.526
2009-08-11,4.453
2009-08-12,4.523
2009-08-13,4.42
2009-08-14,4.406
2009-08-17,4.348
2009-08-18,4.365
2009-08-19,4.294
2009-08-20,4.242
2009-08-21,4.359
2009-08-24,4.288
2009-08-25,4.23
2009-08-26,4.2
2009-08-27,4.23
2009-08-28,4.208
2009-08-31,4.181
2009-09-01,4.198
2009-09-02,4.104
2009-09-03,4.15
2009-09-04,4.273
2009-09-08,4.311
2009-09-09,4.335
2009-09-10,4.175
2009-09-11,4.175
2009-09-14,4.215
2009-09-15,4.262
2009-09-16,4.266
2009-09-17,4.178
2009-09-18,4.231
2009-09-21,4.245
2009-09-22,4.208
2009-09-23,4.195
2009-09-24,4.174
2009-09-25,4.093
2009-09-28,4.045
2009-09-29,4.023
2009-09-30,4.048
2009-10-01,3.959
2009-10-02,4.011
2009-10-05,4.023
2009-10-06,4.058
2009-10-07,3.992
2009-10-08,4.094
2009-10-09,4.227
2009-10-12,4.228
2009-10-13,4.153
2009-10-14,4.275
2009-10-15,4.313
2009-10-16,4.247
2009-10-19,4.217
2009-10-20,4.16
2009-10-21,4.23
2009-10-22,4.249
2009-10-23,4.289
2009-10-26,4.366
2009-10-27,4.289
2009-10-28,4.243
2009-10-29,4.345
2009-10-30,4.236
2009-11-02,4.268
2009-11-03,4.337
2009-11-04,4.434
2009-11-05,4.412
2009-11-06,4.394
2009-11-09,4.401
2009-11-10,4.415
2009-11-11,4.414
2009-11-12,4.386
2009-11-13,4.356
2009-11-16,4.258
2009-11-17,4.25
2009-11-18,4.299
2009-11-19,4.288
2009-11-20,4.295
2009-11-23,4.287
2009-11-24,4.257
2009-11-25,4.238
2009-11-27,4.219
2009-11-30,4.194
2009-12-01,4.275
2009-12-02,4.274
2009-12-03,4.329
2009-12-04,4.413
2009-12-07,4.406
2009-12-08,4.38
2009-12-09,4.408
2009-12-10,4.492
2009-12-11,4.497
2009-12-14,4.475
2009-12-15,4.533
2009-12-16,4.533
2009-12-17,4.416
2009-12-18,4.458
2009-12-21,4.567
2009-12-22,4.605
2009-12-23,4.603
2009-12-24,4.687
2009-12-28,4.704
2009-12-29,4.647
2009-12-30,4.602
2009-12-31,4.641
2010-01-04,4.66
2010-01-05,4.593
2010-01-06,4.671
2010-01-07,4.689
2010-01-08,4.695
2010-01-11,4.729
2010-01-12,4.623
2010-01-13,4.707
2010-01-14,4.624
2010-01-15,4.575
2010-01-19,4.598
2010-01-20,4.543
2010-01-21,4.506
2010-01-22,4.51
2010-01-25,4.553
2010-01-26,4.566
2010-01-27,4.553
2010-01-28,4.569
2010-01-29,4.51
2010-02-01,4.569
2010-02-02,4.55
2010-02-03,4.632
2010-02-04,4.545
2010-02-05,4.493
2010-02-08,4.522
2010-02-09,4.568
2010-02-10,4.636
2010-02-11,4.679
2010-02-12,4.657
2010-02-16,4.639
2010-02-17,4.714
2010-02-18,4.752
2010-02-19,4.702
2010-02-22,4.731
2010-02-23,4.632
2010-02-24,4.634
2010-02-25,4.582
2010-02-26,4.529
2010-03-01,4.557
2010-03-02,4.569
2010-03-03,4.586
2010-03-04,4.556
2010-03-05,4.639
2010-03-08,4.672
2010-03-09,4.677
2010-03-10,4.689
2010-03-11,4.659
2010-03-12,4.633
2010-03-15,4.636
2010-03-16,4.593
2010-03-17,4.572
2010-03-18,4.589
2010-03-19,4.579
2010-03-22,4.569
2010-03-23,4.598
2010-03-24,4.721
2010-03-25,4.777
2010-03-26,4.752
2010-03-29,4.763
2010-03-30,4.757
2010-03-31,4.715
2010-04-01,4.728
2010-04-05,4.843
2010-04-06,4.844
2010-04-07,4.744
2010-04-08,4.761
2010-04-09,4.746
2010-04-12,4.698
2010-04-13,4.669
2010-04-14,4.722
2010-04-15,4.728
2010-04-16,4.671
2010-04-19,4.7
2010-04-20,4.678
2010-04-21,4.609
2010-04-22,4.636
2010-04-23,4.668
2010-04-26,4.673
2010-04-27,4.561
2010-04-28,4.638
2010-04-29,4.591
2010-04-30,4.527
2010-05-03,4.546
2010-05-04,4.439
2010-05-05,4.394
2010-05-06,4.165
2010-05-07,4.28
2010-05-10,4.41
2010-05-11,4.422
2010-05-12,4.473
2010-05-13,4.461
2010-05-14,4.316
2010-05-17,4.345
2010-05-18,4.254
2010-05-19,4.237
2010-05-20,4.135
2010-05-21,4.065
2010-05-24,4.104
2010-05-25,4.05
2010-05-26,4.115
2010-05-27,4.239
2010-05-28,4.214
2010-06-01,4.202
2010-06-02,4.238
2010-06-03,4.288
2010-06-04,4.119
2010-06-07,4.124
2010-06-08,4.095
2010-06-09,4.119
2010-06-10,4.241
2010-06-11,4.135
2010-06-14,4.201
2010-06-15,4.23
2010-06-16,4.2
2010-06-17,4.122
2010-06-18,4.149
2010-06-21,4.164
2010-06-22,4.099
2010-06-23,4.06
2010-06-24,4.088
2010-06-25,4.071
2010-06-28,4.013
2010-06-29,3.946
2010-06-30,3.909
2010-07-01,3.868
2010-07-02,3.941
2010-07-06,3.892
2010-07-07,3.954
2010-07-08,4.001
2010-07-09,4.04
2010-07-12,4.04
2010-07-13,4.101
2010-07-14,4.033
2010-07-15,3.968
2010-07-16,3.949
2010-07-19,3.988
2010-07-20,3.963
2010-07-21,3.901
2010-07-22,3.948
2010-07-23,4.019
2010-07-26,4.018
2010-07-27,4.08
2010-07-28,4.068
2010-07-29,4.08
2010-07-30,3.977
2010-08-02,4.067
2010-08-03,4.046
2010-08-04,4.071
2010-08-05,4.065
2010-08-06,4.002
2010-08-09,4.007
2010-08-10,4.03
2010-08-11,3.921
2010-08-12,3.931
2010-08-13,3.87
2010-08-16,3.72
2010-08-17,3.77
2010-08-18,3.734
2010-08-19,3.657
2010-08-20,3.661
2010-08-23,3.666
2010-08-24,3.564
2010-08-25,3.575
2010-08-26,3.531
2010-08-27,3.698
2010-08-30,3.602
2010-08-31,3.533
2010-09-01,3.662
2010-09-02,3.726
2010-09-03,3.783
2010-09-07,3.669
2010-09-08,3.723
2010-09-09,3.845
2010-09-10,3.873
2010-09-13,3.842
2010-09-14,3.786
2010-09-15,3.874
2010-09-16,3.923
2010-09-17,3.911
2010-09-20,3.866
2010-09-21,3.785
2010-09-22,3.742
2010-09-23,3.733
2010-09-24,3.793
2010-09-27,3.699
2010-09-28,3.648
2010-09-29,3.691
2010-09-30,3.687
2010-10-01,3.721
2010-10-04,3.71
2010-10-05,3.731
2010-10-06,3.665
2010-10-07,3.713
2010-10-08,3.746
2010-10-12,3.794
2010-10-13,3.827
2010-10-14,3.898
2010-10-15,3.999
2010-10-18,3.927
2010-10-19,3.902
2010-10-20,3.888
2010-10-21,3.94
2010-10-22,3.937
2010-10-25,3.907
2010-10-26,3.994
2010-10-27,4.041
2010-10-28,4.054
2010-10-29,4.0
2010-11-01,4.017
2010-11-02,3.934
2010-11-03,4.063
2010-11-04,4.044
2010-11-05,4.126
2010-11-08,4.138
2010-11-09,4.25
2010-11-10,4.237
2010-11-11,4.237
2010-11-12,4.268
2010-11-15,4.373
2010-11-16,4.257
2010-11-17,4.28
2010-11-18,4.284
2010-11-19,4.252
2010-11-22,4.209
2010-11-23,4.168
2010-11-24,4.296
2010-11-26,4.207
2010-11-29,4.148
2010-11-30,4.102
2010-12-01,4.237
2010-12-02,4.266
2010-12-03,4.312
2010-12-06,4.25
2010-12-07,4.426
2010-12-08,4.443
2010-12-09,4.4
2010-12-10,4.422
2010-12-13,4.401
2010-12-14,4.556
2010-12-15,4.598
2010-12-16,4.582
2010-12-17,4.409
2010-12-20,4.462
2010-12-21,4.431
2010-12-22,4.446
2010-12-23,4.475
2010-12-27,4.422
2010-12-28,4.549
2010-12-29,4.409
2010-12-30,4.43
2010-12-31,4.362
2011-01-03,4.398
2011-01-04,4.437
2011-01-05,4.551
2011-01-06,4.534
2011-01-07,4.49
2011-01-10,4.488
2011-01-11,4.483
2011-01-12,4.516
2011-01-13,4.493
2011-01-14,4.531
2011-01-18,4.561
2011-01-19,4.526
2011-01-20,4.622
2011-01-21,4.574
2011-01-24,4.558
2011-01-25,4.47
2011-01-26,4.598
2011-01-27,4.559
2011-01-28,4.525
2011-01-31,4.571
2011-02-01,4.613
2011-02-02,4.64
2011-02-03,4.662
2011-02-04,4.737
2011-02-07,4.711
2011-02-08,4.763
2011-02-09,4.695
2011-02-10,4.773
2011-02-11,4.713
2011-02-14,4.666
2011-02-15,4.665
2011-02-16,4.674
2011-02-17,4.662
2011-02-18,4.698
2011-02-22,4.605
2011-02-23,4.598
2011-02-24,4.535
2011-02-25,4.516
2011-02-28,4.49
2011-03-01,4.49
2011-03-02,4.555
2011-03-03,4.639
2011-03-04,4.601
2011-03-07,4.608
2011-03-08,4.658
2011-03-09,4.599
2011-03-10,4.536
2011-03-11,4.541
2011-03-14,4.521
2011-03-15,4.468
2011-03-16,4.388
2011-03-17,4.426
2011-03-18,4.429
2011-03-21,4.445
2011-03-22,4.441
2011-03-23,4.448
2011-03-24,4.47
2011-03-25,4.506
2011-03-28,4.494
2011-03-29,4.545
2011-03-30,4.523
2011-03-31,4.508
2011-04-01,4.489
2011-04-04,4.49
2011-04-05,4.511
2011-04-06,4.585
2011-04-07,4.623
2011-04-08,4.63
2011-04-11,4.634
2011-04-12,4.575
2011-04-13,4.55
2011-04-14,4.541
2011-04-15,4.468
2011-04-18,4.454
2011-04-19,4.427
2011-04-20,4.454
2011-04-21,4.476
2011-04-25,4.459
2011-04-26,4.399
2011-04-27,4.463
2011-04-28,4.424
2011-04-29,4.406
2011-05-02,4.393
2011-05-03,4.359
2011-05-04,4.329
2011-05-05,4.281
2011-05-06,4.295
2011-05-09,4.301
2011-05-10,4.334
2011-05-11,4.296
2011-05-12,4.352
2011-05-13,4.326
2011-05-16,4.276
2011-05-17,4.232
2011-05-18,4.288
2011-05-19,4.302
2011-05-20,4.299
2011-05-23,4.274
2011-05-24,4.259
2011-05-25,4.282
2011-05-26,4.22
2011-05-27,4.24
2011-05-31,4.216
2011-06-01,4.151
2011-06-02,4.251
2011-06-03,4.231
2011-06-06,4.262
2011-06-07,4.265
2011-06-08,4.209
2011-06-09,4.22
2011-06-10,4.184
2011-06-13,4.205
2011-06-14,4.301
2011-06-15,4.199
2011-06-16,4.157
2011-06-17,4.203
2011-06-20,4.204
2011-06-21,4.219
2011-06-22,4.215
2011-06-23,4.157
2011-06-24,4.174
2011-06-27,4.282
2011-06-28,4.333
2011-06-29,4.371
2011-06-30,4.382
2011-07-01,4.402
2011-07-05,4.39
2011-07-06,4.354
2011-07-07,4.37
2011-07-08,4.277
2011-07-11,4.205
2011-07-12,4.191
2011-07-13,4.179
2011-07-14,4.242
2011-07-15,4.251
2011-07-18,4.288
2011-07-19,4.196
2011-07-20,4.263
2011-07-21,4.315
2011-07-22,4.26
2011-07-25,4.324
2011-07-26,4.277
2011-07-27,4.279
2011-07-28,4.257
2011-07-29,4.132
2011-08-01,4.071
2011-08-02,3.919
2011-08-03,3.873
2011-08-04,3.722
2011-08-05,3.823
2011-08-08,3.663
2011-08-09,3.573
2011-08-10,3.538
2011-08-11,3.787
2011-08-12,3.703
2011-08-15,3.747
2011-08-16,3.649
2011-08-17,3.567
2011-08-18,3.442
2011-08-19,3.39
2011-08-22,3.4
2011-08-23,3.477
2011-08-24,3.614
2011-08-25,3.592
2011-08-26,3.534
2011-08-29,3.623
2011-08-30,3.512
2011-08-31,3.592
2011-09-01,3.513
2011-09-02,3.311
2011-09-06,3.259
2011-09-07,3.354
2011-09-08,3.31
2011-09-09,3.246
2011-09-12,3.24
2011-09-13,3.321
2011-09-14,3.305
2011-09-15,3.351
2011-09-16,3.341
2011-09-19,3.192
2011-09-20,3.211
2011-09-21,3.039
2011-09-22,2.786
2011-09-23,2.871
2011-09-26,3.002
2011-09-27,3.116
2011-09-28,3.092
2011-09-29,2.997
2011-09-30,2.921
2011-10-03,2.761
2011-10-04,2.757
2011-10-05,2.883
2011-10-06,2.949
2011-10-07,3.016
2011-10-10,3.024
2011-10-11,3.111
2011-10-12,3.214
2011-10-13,3.137
2011-10-14,3.209
2011-10-17,3.136
2011-10-18,3.157
2011-10-19,3.169
2011-10-20,3.201
2011-10-21,3.252
2011-10-24,3.278
2011-10-25,3.144
2011-10-26,3.224
2011-10-27,3.446
2011-10-28,3.352
2011-10-31,3.199
2011-11-01,3.012
2011-11-02,3.038
2011-11-03,3.119
2011-11-04,3.104
2011-11-07,3.035
2011-11-08,3.125
2011-11-09,3.016
2011-11-10,3.111
2011-11-11,3.11
2011-11-14,3.092
2011-11-15,3.097
2011-11-16,3.055
2011-11-17,2.975
2011-11-18,2.996
2011-11-21,2.945
2011-11-22,2.91
2011-11-23,2.823
2011-11-25,2.922
2011-11-28,2.911
2011-11-29,2.956
2011-11-30,3.062
2011-12-01,3.135
2011-12-02,3.036
2011-12-05,3.042
2011-12-06,3.107
2011-12-07,3.043
2011-12-08,2.997
2011-12-09,3.1
2011-12-12,3.046
2011-12-13,2.999
2011-12-14,2.905
2011-12-15,2.926
2011-12-16,2.855
2011-12-19,2.801
2011-12-20,2.927
2011-12-21,3.001
2011-12-22,2.981
2011-12-23,3.064
2011-12-27,3.039
2011-12-28,2.897
2011-12-29,2.907
2011-12-30,2.889
2012-01-03,2.994
2012-01-04,3.043
2012-01-05,3.057
2012-01-06,3.016
2012-01-09,3.029
2012-01-10,3.027
2012-01-11,2.959
2012-01-12,2.98
2012-01-13,2.904
2012-01-17,2.891
2012-01-18,2.954
2012-01-19,3.039
2012-01-20,3.101
2012-01-23,3.146
2012-01-24,3.157
2012-01-25,3.149
2012-01-26,3.09
2012-01-27,3.064
2012-01-30,2.983
2012-01-31,2.934
2012-02-01,3.015
2012-02-02,3.011
2012-02-03,3.151
2012-02-06,3.088
2012-02-07,3.141
2012-02-08,3.141
2012-02-09,3.189
2012-02-10,3.122
2012-02-13,3.142
2012-02-14,3.065
2012-02-15,3.093
2012-02-16,3.149
2012-02-17,3.161
2012-02-21,3.191
2012-02-22,3.149
2012-02-23,3.124
2012-02-24,3.098
2012-02-27,3.042
2012-02-28,3.059
2012-02-29,3.086
2012-03-01,3.157
2012-03-02,3.114
2012-03-05,3.139
2012-03-06,3.078
2012-03-07,3.116
2012-03-08,3.17
2012-03-09,3.189
2012-03-12,3.17
2012-03-13,3.246
2012-03-14,3.408
2012-03-15,3.412
2012-03-16,3.411
2012-03-19,3.481
2012-03-20,3.457
2012-03-21,3.379
2012-03-22,3.362
2012-03-23,3.314
2012-03-26,3.33
2012-03-27,3.3
2012-03-28,3.304
2012-03-29,3.271
2012-03-30,3.345
2012-04-02,3.338
2012-04-03,3.41
2012-04-04,3.38
2012-04-05,3.322
2012-04-09,3.184
2012-04-10,3.136
2012-04-11,3.185
2012-04-12,3.207
2012-04-13,3.148
2012-04-16,3.114
2012-04-17,3.155
2012-04-18,3.126
2012-04-19,3.109
2012-04-20,3.128
2012-04-23,3.084
2012-04-24,3.114
2012-04-25,3.146
2012-04-26,3.135
2012-04-27,3.115
2012-04-30,3.109
2012-05-01,3.161
2012-05-02,3.114
2012-05-03,3.112
2012-05-04,3.071
2012-05-07,3.067
2012-05-08,3.023
2012-05-09,3.039
2012-05-10,3.051
2012-05-11,3.015
2012-05-14,2.949
2012-05-15,2.931
2012-05-16,2.906
2012-05-17,2.805
2012-05-18,2.789
2012-05-21,2.794
2012-05-22,2.892
2012-05-23,2.794
2012-05-24,2.847
2012-05-25,2.846
2012-05-29,2.842
2012-05-30,2.718
2012-05-31,2.672
2012-06-01,2.54
2012-06-04,2.571
2012-06-05,2.619
2012-06-06,2.72
2012-06-07,2.757
2012-06-08,2.765
2012-06-11,2.723
2012-06-12,2.772
2012-06-13,2.711
2012-06-14,2.708
2012-06-15,2.694
2012-06-18,2.679
2012-06-19,2.727
2012-06-20,2.724
2012-06-21,2.688
2012-06-22,2.756
2012-06-25,2.682
2012-06-26,2.698
2012-06-27,2.693
2012-06-28,2.666
2012-06-29,2.763
2012-07-02,2.683
2012-07-03,2.744
2012-07-05,2.722
2012-07-06,2.664
2012-07-09,2.62
2012-07-10,2.594
2012-07-11,2.589
2012-07-12,2.564
2012-07-13,2.584
2012-07-16,2.548
2012-07-17,2.595
2012-07-18,2.58
2012-07-19,2.614
2012-07-20,2.546
2012-07-23,2.515
2012-07-24,2.469
2012-07-25,2.467
2012-07-26,2.49
2012-07-27,2.642
2012-07-30,2.579
2012-07-31,2.577
2012-08-01,2.614
2012-08-02,2.547
2012-08-03,2.662
2012-08-06,2.646
2012-08-07,2.719
2012-08-08,2.74
2012-08-09,2.75
2012-08-10,2.737
2012-08-13,2.739
2012-08-14,2.825
2012-08-15,2.914
2012-08-16,2.956
2012-08-17,2.934
2012-08-20,2.927
2012-08-21,2.909
2012-08-22,2.825
2012-08-23,2.78
2012-08-24,2.792
2012-08-27,2.757
2012-08-28,2.743
2012-08-29,2.768
2012-08-30,2.738
2012-08-31,2.684
2012-09-04,2.689
2012-09-05,2.705
2012-09-06,2.799
2012-09-07,2.826
2012-09-10,2.842
2012-09-11,2.846
2012-09-12,2.926
2012-09-13,2.967
2012-09-14,3.088
2012-09-17,3.037
2012-09-18,3.014
2012-09-19,2.976
2012-09-20,2.954
2012-09-21,2.956
2012-09-24,2.905
2012-09-25,2.862
2012-09-26,2.792
2012-09-27,2.824
2012-09-28,2.834
2012-10-01,2.823
2012-10-02,2.809
2012-10-03,2.825
2012-10-04,2.882
2012-10-05,2.966
2012-10-08,2.974
2012-10-09,2.937
2012-10-10,2.894
2012-10-11,2.855
2012-10-12,2.835
2012-10-15,2.843
2012-10-16,2.915
2012-10-17,2.988
2012-10-18,3.007
2012-10-19,2.937
2012-10-22,2.947
2012-10-23,2.916
2012-10-24,2.933
2012-10-25,2.981
2012-10-26,2.918
2012-10-31,2.851
2012-11-01,2.897
2012-11-02,2.917
2012-11-05,2.871
2012-11-06,2.916
2012-11-07,2.821
2012-11-08,2.769
2012-11-09,2.752
2012-11-12,2.745
2012-11-13,2.721
2012-11-14,2.728
2012-11-15,2.724
2012-11-16,2.722
2012-11-19,2.762
2012-11-20,2.809
2012-11-21,2.83
2012-11-23,2.829
2012-11-26,2.801
2012-11-27,2.791
2012-11-28,2.779
2012-11-29,2.796
2012-11-30,2.794
2012-12-03,2.806
2012-12-04,2.78
2012-12-05,2.779
2012-12-06,2.765
2012-12-07,2.814
2012-12-10,2.803
2012-12-11,2.837
2012-12-12,2.897
2012-12-13,2.905
2012-12-14,2.871
2012-12-17,2.931
2012-12-18,3.014
2012-12-19,2.982
2012-12-20,2.984
2012-12-21,2.922
2012-12-24,2.943
2012-12-26,2.933
2012-12-27,2.881
2012-12-28,2.882
2012-12-31,2.952
2013-01-02,3.046
2013-01-03,3.107
2013-01-04,3.111
2013-01-07,3.1
2013-01-08,3.071
2013-01-09,3.053
2013-01-10,3.079
2013-01-11,3.054
2013-01-14,3.044
2013-01-15,3.017
2013-01-16,3.019
2013-01-17,3.068
2013-01-18,3.031
2013-01-22,3.022
2013-01-23,3.027
2013-01-24,3.039
2013-01-25,3.133
2013-01-28,3.15
2013-01-29,3.168
2013-01-30,3.196
2013-01-31,3.17
2013-02-01,3.208
2013-02-04,3.177
2013-02-05,3.221
2013-02-06,3.181
2013-02-07,3.163
2013-02-08,3.167
2013-02-11,3.151
2013-02-12,3.191
2013-02-13,3.224
2013-02-14,3.181
2013-02-15,3.179
2013-02-19,3.205
2013-02-20,3.209
2013-02-21,3.166
2013-02-22,3.155
2013-02-25,3.09
2013-02-26,3.075
2013-02-27,3.103
2013-02-28,3.094
2013-03-01,3.065
2013-03-04,3.086
2013-03-05,3.104
2013-03-06,3.149
2013-03-07,3.2
2013-03-08,3.255
2013-03-11,3.255
2013-03-12,3.219
2013-03-13,3.216
2013-03-14,3.242
2013-03-15,3.225
2013-03-18,3.185
2013-03-19,3.135
2013-03-20,3.172
2013-03-21,3.155
2013-03-22,3.135
2013-03-25,3.139
2013-03-26,3.131
2013-03-27,3.092
2013-03-28,3.104
2013-04-01,3.085
2013-04-02,3.102
2013-04-03,3.055
2013-04-04,2.987
2013-04-05,2.863
2013-04-08,2.903
2013-04-09,2.932
2013-04-10,3.005
2013-04-11,2.998
2013-04-12,2.918
2013-04-15,2.882
2013-04-16,2.903
2013-04-17,2.886
2013-04-18,2.864
2013-04-19,2.882
2013-04-22,2.88
2013-04-23,2.888
2013-04-24,2.889
2013-04-25,2.908
2013-04-26,2.86
2013-04-29,2.872
2013-04-30,2.884
2013-05-01,2.84
2013-05-02,2.828
2013-05-03,2.966
2013-05-06,2.986
2013-05-07,3.002
2013-05-08,2.978
2013-05-09,2.997
2013-05-10,3.104
2013-05-13,3.129
2013-05-14,3.163
2013-05-15,3.159
2013-05-16,3.086
2013-05-17,3.165
2013-05-20,3.174
2013-05-21,3.149
2013-05-22,3.209
2013-05-23,3.197
2013-05-24,3.175
2013-05-28,3.29
2013-05-29,3.272
2013-05-30,3.287
2013-05-31,3.308
2013-06-03,3.276
2013-06-04,3.297
2013-06-05,3.26
2013-06-06,3.232
2013-06-07,3.324
2013-06-10,3.37
2013-06-11,3.334
2013-06-12,3.375
2013-06-13,3.326
2013-06-14,3.297
2013-06-17,3.348
2013-06-18,3.342
2013-06-19,3.414
2013-06-20,3.514
2013-06-21,3.567
2013-06-24,3.559
2013-06-25,3.612
2013-06-26,3.574
2013-06-27,3.547
2013-06-28,3.498
2013-07-01,3.489
2013-07-02,3.469
2013-07-03,3.497
2013-07-05,3.677
2013-07-08,3.643
2013-07-09,3.654
2013-07-10,3.688
2013-07-11,3.625
2013-07-12,3.649
2013-07-15,3.611
2013-07-16,3.584
2013-07-17,3.572
2013-07-18,3.63
2013-07-19,3.572
2013-07-22,3.555
2013-07-23,3.592
2013-07-24,3.653
2013-07-25,3.665
2013-07-26,3.618
2013-07-29,3.656
2013-07-30,3.672
2013-07-31,3.646
2013-08-01,3.774
2013-08-02,3.688
2013-08-05,3.73
2013-08-06,3.732
2013-08-07,3.686
2013-08-08,3.672
2013-08-09,3.639
2013-08-12,3.666
2013-08-13,3.756
2013-08-14,3.752
2013-08-15,3.792
2013-08-16,3.857
2013-08-19,3.902
2013-08-20,3.853
2013-08-21,3.882
2013-08-22,3.885
2013-08-23,3.798
2013-08-26,3.784
2013-08-27,3.703
2013-08-28,3.754
2013-08-29,3.703
2013-08-30,3.676
2013-09-03,3.776
2013-09-04,3.799
2013-09-05,3.878
2013-09-06,3.873
2013-09-09,3.84
2013-09-10,3.889
2013-09-11,3.86
2013-09-12,3.845
2013-09-13,3.847
2013-09-16,3.871
2013-09-17,3.84
2013-09-18,3.755
2013-09-19,3.805
2013-09-20,3.76
2013-09-23,3.742
2013-09-24,3.672
2013-09-25,3.648
2013-09-26,3.69
2013-09-27,3.681
2013-09-30,3.686
2013-10-01,3.721
2013-10-02,3.71
2013-10-03,3.707
2013-10-04,3.732
2013-10-07,3.702
2013-10-08,3.695
2013-10-09,3.724
2013-10-10,3.742
2013-10-11,3.735
2013-10-14,3.745
2013-10-15,3.777
2013-10-16,3.724
2013-10-17,3.657
2013-10-18,3.654
2013-10-21,3.681
2013-10-22,3.609
2013-10-23,3.582
2013-10-24,3.613
2013-10-25,3.593
2013-10-28,3.602
2013-10-29,3.622
2013-10-30,3.632
2013-10-31,3.631
2013-11-01,3.696
2013-11-04,3.691
2013-11-05,3.758
2013-11-06,3.769
2013-11-07,3.726
2013-11-08,3.842
2013-11-11,3.848
2013-11-12,3.855
2013-11-13,3.829
2013-11-14,3.8
2013-11-15,3.801
2013-11-18,3.766
2013-11-19,3.804
2013-11-20,3.905
2013-11-21,3.883
2013-11-22,3.838
2013-11-25,3.836
2013-11-26,3.785
2013-11-27,3.812
2013-11-29,3.808
2013-12-02,3.86
2013-12-03,3.837
2013-12-04,3.905
2013-12-05,3.914
2013-12-06,3.917
2013-12-09,3.889
2013-12-10,3.829
2013-12-11,3.88
2013-12-12,3.897
2013-12-13,3.873
2013-12-16,3.895
2013-12-17,3.872
2013-12-18,3.913
2013-12-19,3.901
2013-12-20,3.824
2013-12-23,3.844
2013-12-24,3.901
2013-12-26,3.921
2013-12-27,3.943
2013-12-30,3.907
2013-12-31,3.964
2014-01-02,3.919
2014-01-03,3.93
2014-01-06,3.898
2014-01-07,3.881
2014-01-08,3.903
2014-01-09,3.873
2014-01-10,3.796
2014-01-13,3.767
2014-01-14,3.8
2014-01-15,3.806
2014-01-16,3.773
2014-01-17,3.757
2014-01-21,3.739
2014-01-22,3.759
2014-01-23,3.681
2014-01-24,3.651
2014-01-27,3.68
2014-01-28,3.672
2014-01-29,3.622
2014-01-30,3.635
2014-01-31,3.622
2014-02-03,3.54
2014-02-04,3.593
2014-02-05,3.653
2014-02-06,3.675
2014-02-07,3.665
2014-02-10,3.663
2014-02-11,3.685
2014-02-12,3.723
2014-02-13,3.686
2014-02-14,3.7
2014-02-18,3.68
2014-02-19,3.707
2014-02-20,3.726
2014-02-21,3.696
2014-02-24,3.711
2014-02-25,3.661
2014-02-26,3.635
2014-02-27,3.596
2014-02-28,3.592
2014-03-03,3.557
2014-03-04,3.638
2014-03-05,3.644
2014-03-06,3.687
2014-03-07,3.722
2014-03-10,3.728
2014-03-11,3.709
2014-03-12,3.667
2014-03-13,3.601
2014-03-14,3.587
2014-03-17,3.63
2014-03-18,3.627
2014-03-19,3.67
2014-03-20,3.66
2014-03-21,3.609
2014-03-24,3.572
2014-03-25,3.579
2014-03-26,3.551
2014-03-27,3.51
2014-03-28,3.544
2014-03-31,3.561
2014-04-01,3.604
2014-04-02,3.649
2014-04-03,3.625
2014-04-04,3.585
2014-04-07,3.558
2014-04-08,3.54
2014-04-09,3.565
2014-04-10,3.503
2014-04-11,3.477
2014-04-14,3.484
2014-04-15,3.46
2014-04-16,3.454
2014-04-17,3.517
2014-04-21,3.525
2014-04-22,3.503
2014-04-23,3.469
2014-04-24,3.464
2014-04-25,3.439
2014-04-28,3.459
2014-04-29,3.491
2014-04-30,3.458
2014-05-01,3.405
2014-05-02,3.367
2014-05-05,3.408
2014-05-06,3.381
2014-05-07,3.403
2014-05-08,3.415
2014-05-09,3.467
2014-05-12,3.492
2014-05-13,3.454
2014-05-14,3.375
2014-05-15,3.337
2014-05-16,3.347
2014-05-19,3.383
2014-05-20,3.375
2014-05-21,3.418
2014-05-22,3.429
2014-05-23,3.398
2014-05-27,3.367
2014-05-28,3.288
2014-05-29,3.304
2014-05-30,3.314
2014-06-02,3.377
2014-06-03,3.435
2014-06-04,3.444
2014-06-05,3.432
2014-06-06,3.437
2014-06-09,3.451
2014-06-10,3.466
2014-06-11,3.469
2014-06-12,3.41
2014-06-13,3.412
2014-06-16,3.397
2014-06-17,3.446
2014-06-18,3.418
2014-06-19,3.459
2014-06-20,3.452
2014-06-23,3.449
2014-06-24,3.406
2014-06-25,3.381
2014-06-26,3.344
2014-06-27,3.365
2014-06-30,3.338
2014-07-01,3.395
2014-07-02,3.466
2014-07-03,3.483
2014-07-07,3.44
2014-07-08,3.38
2014-07-09,3.36
2014-07-10,3.364
2014-07-11,3.343
2014-07-14,3.368
2014-07-15,3.366
2014-07-16,3.348
2014-07-17,3.29
2014-07-18,3.292
2014-07-21,3.264
2014-07-22,3.252
2014-07-23,3.258
2014-07-24,3.3
2014-07-25,3.244
2014-07-28,3.262
2014-07-29,3.222
2014-07-30,3.31
2014-07-31,3.311
2014-08-01,3.297
2014-08-04,3.295
2014-08-05,3.279
2014-08-06,3.277
2014-08-07,3.234
2014-08-08,3.226
2014-08-11,3.232
2014-08-12,3.266
2014-08-13,3.241
2014-08-14,3.192
2014-08-15,3.135
2014-08-18,3.194
2014-08-19,3.221
2014-08-20,3.22
2014-08-21,3.192
2014-08-22,3.157
2014-08-25,3.135
2014-08-26,3.152
2014-08-27,3.109
2014-08-28,3.072
2014-08-29,3.08
2014-09-02,3.174
2014-09-03,3.156
2014-09-04,3.205
2014-09-05,3.237
2014-09-08,3.223
2014-09-09,3.233
2014-09-10,3.269
2014-09-11,3.254
2014-09-12,3.351
2014-09-15,3.341
2014-09-16,3.354
2014-09-17,3.364
2014-09-18,3.359
2014-09-19,3.299
2014-09-22,3.289
2014-09-23,3.252
2014-09-24,3.283
2014-09-25,3.22
2014-09-26,3.216
2014-09-29,3.18
2014-09-30,3.212
2014-10-01,3.113
2014-10-02,3.153
2014-10-03,3.134
2014-10-06,3.128
2014-10-07,3.056
2014-10-08,3.062
2014-10-09,3.062
2014-10-10,3.035
2014-10-13,3.014
2014-10-14,2.957
2014-10-15,2.876
2014-10-16,2.936
2014-10-17,2.968
2014-10-20,2.959
2014-10-21,2.984
2014-10-22,3.0
2014-10-23,3.046
2014-10-24,3.05
2014-10-27,3.034
2014-10-28,3.057
2014-10-29,3.048
2014-10-30,3.036
2014-10-31,3.06
2014-11-03,3.066
2014-11-04,3.053
2014-11-05,3.065
2014-11-06,3.093
2014-11-07,3.046
2014-11-10,3.088
2014-11-11,3.092
2014-11-12,3.08
2014-11-13,3.076
2014-11-14,3.042
2014-11-17,3.059
2014-11-18,3.043
2014-11-19,3.067
2014-11-20,3.053
2014-11-21,3.021
2014-11-24,3.019
2014-11-25,2.966
2014-11-26,2.94
2014-11-28,2.91
2014-12-01,2.946
2014-12-02,3.004
2014-12-03,2.993
2014-12-04,2.958
2014-12-05,2.964
2014-12-08,2.901
2014-12-09,2.875
2014-12-10,2.835
2014-12-11,2.825
2014-12-12,2.756
2014-12-15,2.745
2014-12-16,2.702
2014-12-17,2.752
2014-12-18,2.812
2014-12-19,2.774
2014-12-22,2.75
2014-12-23,2.852
2014-12-24,2.834
2014-12-26,2.814
2014-12-29,2.776
2014-12-30,2.758
2014-12-31,2.749
2015-01-02,2.697
2015-01-05,2.605
2015-01-06,2.523
2015-01-07,2.515
2015-01-08,2.593
2015-01-09,2.556
2015-01-12,2.492
2015-01-13,2.482
2015-01-14,2.451
2015-01-15,2.411
2015-01-16,2.435
2015-01-20,2.398
2015-01-21,2.44
2015-01-22,2.469
2015-01-23,2.394
2015-01-26,2.398
2015-01-27,2.402
2015-01-28,2.294
2015-01-29,2.319
2015-01-30,2.251
2015-02-02,2.252
2015-02-03,2.372
2015-02-04,2.389
2015-02-05,2.422
2015-02-06,2.519
2015-02-09,2.521
2015-02-10,2.571
2015-02-11,2.564
2015-02-12,2.571
2015-02-13,2.626
2015-02-17,2.738
2015-02-18,2.695
2015-02-19,2.732
2015-02-20,2.735
2015-02-23,2.652
2015-02-24,2.598
2015-02-25,2.571
2015-02-26,2.609
2015-02-27,2.6
2015-03-02,2.685
2015-03-03,2.713
2015-03-04,2.719
2015-03-05,2.716
2015-03-06,2.839
2015-03-09,2.799
2015-03-10,2.719
2015-03-11,2.683
2015-03-12,2.678
2015-03-13,2.695
2015-03-16,2.677
2015-03-17,2.616
2015-03-18,2.537
2015-03-19,2.539
2015-03-20,2.504
2015-03-23,2.509
2015-03-24,2.466
2015-03-25,2.501
2015-03-26,2.6
2015-03-27,2.527
2015-03-30,2.556
2015-03-31,2.544
2015-04-01,2.475
2015-04-02,2.524
2015-04-06,2.566
2015-04-07,2.53
2015-04-08,2.52
2015-04-09,2.595
2015-04-10,2.583
2015-04-13,2.581
2015-04-14,2.547
2015-04-15,2.556
2015-04-16,2.556
2015-04-17,2.505
2015-04-20,2.571
2015-04-21,2.588
2015-04-22,2.654
2015-04-23,2.635
2015-04-24,2.617
2015-04-27,2.612
2015-04-28,2.669
2015-04-29,2.742
2015-04-30,2.753
2015-05-01,2.827
2015-05-04,2.869
2015-05-05,2.906
2015-05-06,2.986
2015-05-07,2.909
2015-05-08,2.9
2015-05-11,3.037
2015-05-12,3.02
2015-05-13,3.071
2015-05-14,3.064
2015-05-15,2.923
2015-05-18,3.019
2015-05-19,3.038
2015-05-20,3.053
2015-05-21,2.978
2015-05-22,2.986
2015-05-26,2.892
2015-05-27,2.875
2015-05-28,2.885
2015-05-29,2.847
2015-06-01,2.951
2015-06-02,3.021
2015-06-03,3.107
2015-06-04,3.034
2015-06-05,3.111
2015-06-08,3.104
2015-06-09,3.151
2015-06-10,3.209
2015-06-11,3.105
2015-06-12,3.099
2015-06-15,3.09
2015-06-16,3.053
2015-06-17,3.072
2015-06-18,3.141
2015-06-19,3.056
2015-06-22,3.153
2015-06-23,3.2
2015-06-24,3.146
2015-06-25,3.156
2015-06-26,3.25
2015-06-29,3.099
2015-06-30,3.104
2015-07-01,3.195
2015-07-02,3.192
2015-07-06,3.071
2015-07-07,3.015
2015-07-08,2.986
2015-07-09,3.099
2015-07-10,3.209
2015-07-13,3.207
2015-07-14,3.19
2015-07-15,3.134
2015-07-16,3.115
2015-07-17,3.083
2015-07-20,3.106
2015-07-21,3.08
2015-07-22,3.037
2015-07-23,2.978
2015-07-24,2.97
2015-07-27,2.945
2015-07-28,2.963
2015-07-29,2.988
2015-07-30,2.954
2015-07-31,2.927
2015-08-03,2.861
2015-08-04,2.887
2015-08-05,2.943
2015-08-06,2.907
2015-08-07,2.828
2015-08-10,2.903
2015-08-11,2.805
2015-08-12,2.819
2015-08-13,2.857
2015-08-14,2.841
2015-08-17,2.801
2015-08-18,2.863
2015-08-19,2.819
2015-08-20,2.754
2015-08-21,2.747
2015-08-24,2.718
2015-08-25,2.854
2015-08-26,2.932
2015-08-27,2.902
2015-08-28,2.909
2015-08-31,2.931
2015-09-01,2.932
2015-09-02,2.965
2015-09-03,2.948
2015-09-04,2.89
2015-09-08,2.97
2015-09-09,2.943
2015-09-10,2.988
2015-09-11,2.943
2015-09-14,2.947
2015-09-15,3.062
2015-09-16,3.092
2015-09-17,3.034
2015-09-18,2.929
2015-09-21,3.035
2015-09-22,2.932
2015-09-23,2.941
2015-09-24,2.902
2015-09-25,2.96
2015-09-28,2.87
2015-09-29,2.855
2015-09-30,2.88
2015-10-01,2.852
2015-10-02,2.826
2015-10-05,2.898
2015-10-06,2.873
2015-10-07,2.886
2015-10-08,2.946
2015-10-09,2.927
2015-10-12,2.921
2015-10-13,2.897
2015-10-14,2.839
2015-10-15,2.873
2015-10-16,2.864
2015-10-19,2.884
2015-10-20,2.923
2015-10-21,2.871
2015-10-22,2.86
2015-10-23,2.896
2015-10-26,2.867
2015-10-27,2.851
2015-10-28,2.863
2015-10-29,2.965
2015-10-30,2.933
2015-11-02,2.957
2015-11-03,3.001
2015-11-04,2.994
2015-11-05,3.013
2015-11-06,3.089
2015-11-09,3.106
2015-11-10,3.094
2015-11-11,3.11
2015-11-12,3.092
2015-11-13,3.058
2015-11-16,3.072
2015-11-17,3.047
2015-11-18,3.041
2015-11-19,3.003
2015-11-20,3.018
2015-11-23,3.007
2015-11-24,3.006
2015-11-25,2.995
2015-11-27,3.001
2015-11-30,2.99
2015-12-01,2.918
2015-12-02,2.907
2015-12-03,3.075
2015-12-04,3.01
2015-12-07,2.951
2015-12-08,2.975
2015-12-09,2.959
2015-12-10,2.975
2015-12-11,2.879
2015-12-14,2.962
2015-12-15,2.993
2015-12-16,3.003
2015-12-17,2.936
2015-12-18,2.91
2015-12-21,2.926
2015-12-22,2.964
2015-12-23,2.998
2015-12-24,2.964
2015-12-28,2.94
2015-12-29,3.041
2015-12-30,3.042
2015-12-31,3.015
2016-01-04,2.99
2016-01-05,3.011
2016-01-06,2.94
2016-01-07,2.926
2016-01-08,2.92
2016-01-11,2.956
2016-01-12,2.882
2016-01-13,2.848
2016-01-14,2.892
2016-01-15,2.813
2016-01-19,2.804
2016-01-20,2.757
2016-01-21,2.797
2016-01-22,2.82
2016-01-25,2.802
2016-01-26,2.781
2016-01-27,2.79
2016-01-28,2.791
2016-01-29,2.758
2016-02-01,2.781
2016-02-02,2.679
2016-02-03,2.705
2016-02-04,2.7
2016-02-05,2.682
2016-02-08,2.56
2016-02-09,2.555
2016-02-10,2.529
2016-02-11,2.504
2016-02-12,2.605
2016-02-16,2.642
2016-02-17,2.686
2016-02-18,2.632
2016-02-19,2.605
2016-02-22,2.619
2016-02-23,2.597
2016-02-24,2.597
2016-02-25,2.574
2016-02-26,2.636
2016-02-29,2.615
2016-03-01,2.703
2016-03-02,2.692
2016-03-03,2.66
2016-03-04,2.703
2016-03-07,2.702
2016-03-08,2.636
2016-03-09,2.683
2016-03-10,2.699
2016-03-11,2.748
2016-03-14,2.731
2016-03-15,2.722
2016-03-16,2.736
2016-03-17,2.694
2016-03-18,2.673
2016-03-21,2.73
2016-03-22,2.719
2016-03-23,2.649
2016-03-24,2.672
2016-03-28,2.644
2016-03-29,2.611
2016-03-30,2.657
2016-03-31,2.62
2016-04-01,2.62
2016-04-04,2.611
2016-04-05,2.549
2016-04-06,2.583
2016-04-07,2.516
2016-04-08,2.556
2016-04-11,2.562
2016-04-12,2.607
2016-04-13,2.577
2016-04-14,2.596
2016-04-15,2.562
2016-04-18,2.586
2016-04-19,2.595
2016-04-20,2.66
2016-04-21,2.691
2016-04-22,2.704
2016-04-25,2.724
2016-04-26,2.756
2016-04-27,2.698
2016-04-28,2.694
2016-04-29,2.666
2016-05-02,2.718
2016-05-03,2.66
2016-05-04,2.641
2016-05-05,2.606
2016-05-06,2.628
2016-05-09,2.621
2016-05-10,2.615
2016-05-11,2.582
2016-05-12,2.612
2016-05-13,2.553
2016-05-16,2.597
2016-05-17,2.587
2016-05-18,2.684
2016-05-19,2.635
2016-05-20,2.639
2016-05-23,2.631
2016-05-24,2.643
2016-05-25,2.67
2016-05-26,2.629
2016-05-27,2.65
2016-05-31,2.629
2016-06-01,2.627
2016-06-02,2.585
2016-06-03,2.517
2016-06-06,2.545
2016-06-07,2.534
2016-06-08,2.513
2016-06-09,2.481
2016-06-10,2.447
2016-06-13,2.434
2016-06-14,2.425
2016-06-15,2.423
2016-06-16,2.383
2016-06-17,2.432
2016-06-20,2.473
2016-06-21,2.497
2016-06-22,2.495
2016-06-23,2.556
2016-06-24,2.43
2016-06-27,2.279
2016-06-28,2.275
2016-06-29,2.28
2016-06-30,2.307
2016-07-01,2.241
2016-07-05,2.138
2016-07-06,2.152
2016-07-07,2.14
2016-07-08,2.11
2016-07-11,2.15
2016-07-12,2.231
2016-07-13,2.177
2016-07-14,2.247
2016-07-15,2.302
2016-07-18,2.302
2016-07-19,2.274
2016-07-20,2.297
2016-07-21,2.301
2016-07-22,2.291
2016-07-25,2.287
2016-07-26,2.28
2016-07-27,2.228
2016-07-28,2.229
2016-07-29,2.182
2016-08-01,2.234
2016-08-02,2.287
2016-08-03,2.293
2016-08-04,2.255
2016-08-05,2.31
2016-08-08,2.299
2016-08-09,2.257
2016-08-10,2.227
2016-08-11,2.285
2016-08-12,2.235
2016-08-15,2.276
2016-08-16,2.298
2016-08-17,2.273
2016-08-18,2.259
2016-08-19,2.285
2016-08-22,2.236
2016-08-23,2.236
2016-08-24,2.243
2016-08-25,2.264
2016-08-26,2.296
2016-08-29,2.216
2016-08-30,2.234
2016-08-31,2.231
2016-09-01,2.23
2016-09-02,2.271
2016-09-06,2.24
2016-09-07,2.237
2016-09-08,2.323
2016-09-09,2.39
2016-09-12,2.395
2016-09-13,2.471
2016-09-14,2.444
2016-09-15,2.473
2016-09-16,2.451
2016-09-19,2.444
2016-09-20,2.429
2016-09-21,2.398
2016-09-22,2.354
2016-09-23,2.34
2016-09-26,2.326
2016-09-27,2.279
2016-09-28,2.288
2016-09-29,2.275
2016-09-30,2.336
2016-10-03,2.335
2016-10-04,2.406
2016-10-05,2.436
2016-10-06,2.46
2016-10-07,2.468
2016-10-10,2.455
2016-10-11,2.493
2016-10-12,2.508
2016-10-13,2.474
2016-10-14,2.555
2016-10-17,2.523
2016-10-18,2.512
2016-10-19,2.516
2016-10-20,2.499
2016-10-21,2.492
2016-10-24,2.516
2016-10-25,2.501
2016-10-26,2.536
2016-10-27,2.601
2016-10-28,2.616
2016-10-31,2.589
2016-11-01,2.571
2016-11-02,2.563
2016-11-03,2.6
2016-11-04,2.571
2016-11-07,2.602
2016-11-08,2.626
2016-11-09,2.882
2016-11-10,2.928
2016-11-14,2.982
2016-11-15,2.973
2016-11-16,2.926
2016-11-17,2.986
2016-11-18,3.016
2016-11-21,3.013
2016-11-22,3.009
2016-11-23,3.023
2016-11-25,3.022
2016-11-28,2.983
2016-11-29,2.95
2016-11-30,3.017
2016-12-01,3.095
2016-12-02,3.061
2016-12-05,3.056
2016-12-06,3.082
2016-12-07,3.029
2016-12-08,3.085
2016-12-09,3.154
2016-12-12,3.162
2016-12-13,3.147
2016-12-14,3.149
2016-12-15,3.145
2016-12-16,3.184
2016-12-19,3.121
2016-12-20,3.151
2016-12-21,3.125
2016-12-22,3.13
2016-12-23,3.116
2016-12-27,3.139
2016-12-28,3.084
2016-12-29,3.084
2016-12-30,3.063
2017-01-03,3.047
2017-01-04,3.045
2017-01-05,2.962
2017-01-06,3.004
2017-01-09,2.968
2017-01-10,2.97
2017-01-11,2.957
2017-01-12,2.96
2017-01-13,2.977
2017-01-17,2.927
2017-01-18,2.985
2017-01-19,3.032
2017-01-20,3.046
2017-01-23,2.991
2017-01-24,3.056
2017-01-25,3.108
2017-01-26,3.091
2017-01-27,3.059
2017-01-30,3.077
2017-01-31,3.051
2017-02-01,3.081
2017-02-02,3.083
2017-02-03,3.114
2017-02-06,3.048
2017-02-07,3.019
2017-02-08,2.961
2017-02-09,3.011
2017-02-10,3.012
2017-02-13,3.034
2017-02-14,3.062
2017-02-15,3.091
2017-02-16,3.051
